Workbook

Sheet Liikkeet
A1: Liike | B1: Osoite | C1: Postiosoite | D1: Kaupunki | E1: Verkkosivu | F1: Latitude | G1: Longitude
A2: Fonum | B2: Aleksanterinkatu 18 | C2: 15140 | D2: Lahti | E2: https://www.fonum.fi/ | F2: 60.982613 | G2: 25.663280
A3: Handleit | B3: Vapaudenkatu 9 | C3: 15110 | D3: Lahti | E3: https://www.handle-it.fi/ | F3: 60.983812 | G3: 25.658643
A4: itapsa | B4: Ajokatu 55 | C4: 15500 | D4: Lahti | E4: https://itapsa.com/myymala/lahti/ | F4: 60.963646 | G4: 25.657684
A5: Lahden ATK klinikka | B5: Vapaudenkatu 18 | C5: 15110 | D5: Lahti | E5: https://lahdenatk.fi/ | F5: 60.983869 | G5: 25.660017
A6: Puhelinhuolto | B6: Pasaasi 2 | C6: 15700 | D6: Lahti | E6: https://puhelinhuolto.fi/ | F6: 60.934333 | G6: 25.624150

Sheet Puhelin merkki ja malli
A1: Merkki | B1: Malli
A2: Apple | B2: iPhone 15 Pro 5G
A3: Apple | B3: iPhone 15 Pro 5G
A4: Apple | B4: iPhone 15 Pro 5G
A5: Apple | B5: iPhone 13 5G
A6: Apple | B6: iPhone 13 5G
A7: Apple | B7: iPhone 13 5G
A8: Honor | B8: X6a
A9: Honor | B9: X6a
A10: Honor | B10: X6a
A11: OnePlus | B11: Nord CE4 Lite 5G
A12: OnePlus | B12: Nord CE4 Lite 5G
... A31: Samsung | B31: Galaxy A15 5G

Sheet Puhelin tuotehinta
A1: Maker | B1: Model | C1: Näyttö | D1: Akku | E1: Latausportti
A2: Apple | B2: iPhone 15 Pro 5G | C2: 330 | D2: 27 | E2: 38
A3: Apple | B3: iPhone 13 5G | C3: 181 | D3: 27 | E3: 21
A4: Honor | B4: X6a | C4: 40 | D4: 19 | E4: 23
A5: OnePlus | B5: Nord CE4 Lite 5G | C5: 88 | D5: 12 | E5: 15
A6: OnePlus | B6: Nord CE 3 Lite 5G | C6: 40 | D6: 10 | E6: 15
A7: OnePlus | B7: 12 5G | C7: 176 | D7: 14 | E7: 15
A8: Oppo | B8: A18 | C8: 16 | D8: 17 | E8: 17
A9: Samsung | B9: Galaxy A55 5G | C9: 66 | D9: 25 | E9: 28
A10: Samsung | B10: Galaxy A25 5G | C10: 49 | D10: 10 | E10: 18
A11: Samsung | B11: Galaxy A15 5G | C11: 27 | D11: 18 | E11: 11

Sheet Puhelin Hinta
A1: Maker | B1: Model | C1: Average Price (EUR)
A2: Apple | B2: iPhone 15 Pro 5G | C2: 1179
A3: Apple | B3: iPhone 13 5G | C3: 479
A4: Honor | B4: X6a | C4: 117
A5: OnePlus | B5: Nord CE4 Lite 5G | C5: 179
A6: OnePlus | B6: Nord CE 3 Lite 5G | C6: 249
A7: OnePlus | B7: 12 5G | C7: 649
A8: Oppo | B8: A18 | C8: 79
A9: Samsung | B9: Galaxy A55 5G | C9: 299
A10: Samsung | B10: Galaxy A25 5G | C10: 169
A11: Samsung | B11: Galaxy A15 5G | C11: 129

Sheet Älykello merkki ja malli
A1: Merkki | B1: Malli
A2: Xplora | B2: Watch XGO3 4G – lasten kellopuhelin
A3: Xplora | B3: Watch XGO3 4G – lasten kellopuhelin
A4: Xplora | B4: Watch XGO3 4G – lasten kellopuhelin
A5: Apple | B5: Watch Series 9 GPS + Cellular
A6: Apple | B6: Watch Series 9 GPS + Cellular
A7: Apple | B7: Watch Series 9 GPS + Cellular
A8: Apple | B8: Watch SE GPS
A9: Apple | B9: Watch SE GPS
A10: Apple | B10: Watch SE GPS
A11: OnePlus | B11: Watch 2
A12: OnePlus | B12: Watch 2
... A16: Huawei | B16: Watch Fit 3

Sheet Älykello tuotehinta
A1: Model | B1: Näyttö | C1: Akku | D1: Takalasi
A2: Watch XGO3 4G – lasten kellopuhelin | B2: 40 | C2: 24 | D2: 11
A3: Watch Series 9 GPS + Cellular | B3: 230 | C3: 85 | D3: 65
A4: Watch SE GPS | B4: 100 | C4: 73 | D4: 25
A5: Watch 2 | B5: 64 | C5: 18 | D5: 13
A6: Watch Fit 3 | B6: 52 | C6: 8 | D6: 34

Sheet Älykellon Hinta
A1: Merkki | B1: Malli | C1: Hinta
A2: Xplora | B2: Watch XGO3 4G – lasten kellopuhelin | C2: 134
A3: Apple | B3: Watch Series 9 GPS + Cellular | C3: 575
A4: Apple | B4: Watch SE GPS | C4: 275
A5: Oneplus | B5: Watch 2 | C5: 254
A6: Huawei | B6: Watch Fit 3 | C6: 137

Sheet DataPuhelimista
A1: ID | B1: Liike | C1: Merkki | D1: Malli | E1: Merkki ja malli | F1: Liike sekä merkki ja malli | G1: Tuote | H1: Korjauksenhinta€ | I1: Tuotehinta € | J1: Puhelimenhinta € | K1: Vakuutuksen kesto kk | L1: Korjauksen kesto tunneissa | M1: Alkuperäinen osa true/false | P1: Datan lähde: myydyimmät puhelimet 2024
A2: =ROW(A2) - 1 -> 1 | B2: Fonum | C2: Apple | D2: iPhone 13 5G | E2: =Table1[[#This Row],[Merkki]] & " " & Table1[[#This Row],[Malli]] -> Apple iPhone 13 5G | F2: =Table1[[#This Row],[Liike]] & " " & Table1[[#This Row],[Merkki ja malli]] -> Fonum Apple iPhone 13 5G | G2: Näyttö | H2: 299 | I2: {=_xlfn.XLOOKUP(Table1[[#This Row],[Malli]],'Puhelin tuotehinta'!$B$2:$B$49,_xlfn.XLOOKUP(Table1[[#This Row],[Tuote]],'Puhelin tuotehinta'!$C$1:$E$1,'Puhelin tuotehinta'!$C$2:$E$49))} -> 181 | J2: =_xlfn.XLOOKUP(Table1[[#This Row],[Malli]],Table3[Model],Table3[Average Price (EUR)]) -> 479 | K2: 24 | L2: 1 | M2: FALSE
A3: =ROW(A3) - 1 -> 2 | B3: Fonum | C3: Apple | D3: iPhone 13 5G | E3: =Table1[[#This Row],[Merkki]] & " " & Table1[[#This Row],[Malli]] -> Apple iPhone 13 5G | F3: =Table1[[#This Row],[Liike]] & " " & Table1[[#This Row],[Merkki ja malli]] -> Fonum Apple iPhone 13 5G | G3: Akku | H3: 79 | I3: {=_xlfn.XLOOKUP(Table1[[#This Row],[Malli]],'Puhelin tuotehinta'!$B$2:$B$49,_xlfn.XLOOKUP(Table1[[#This Row],[Tuote]],'Puhelin tuotehinta'!$C$1:$E$1,'Puhelin tuotehinta'!$C$2:$E$49))} -> 27 | J3: =_xlfn.XLOOKUP(Table1[[#This Row],[Malli]],Table3[Model],Table3[Average Price (EUR)]) -> 479 | K3: 12 | L3: 1 | M3: FALSE | P3: Jos rivi on merkitty keltaisella, kysy haastattelun aikana
A4: =ROW(A4) - 1 -> 3 | B4: Fonum | C4: Apple | D4: iPhone 13 5G | E4: =Table1[[#This Row],[Merkki]] & " " & Table1[[#This Row],[Malli]] -> Apple iPhone 13 5G | F4: =Table1[[#This Row],[Liike]] & " " & Table1[[#This Row],[Merkki ja malli]] -> Fonum Apple iPhone 13 5G | G4: Latausportti | I4: {=_xlfn.XLOOKUP(Table1[[#This Row],[Malli]],'Puhelin tuotehinta'!$B$2:$B$49,_xlfn.XLOOKUP(Table1[[#This Row],[Tuote]],'Puhelin tuotehinta'!$C$1:$E$1,'Puhelin tuotehinta'!$C$2:$E$49))} -> 21 | J4: =_xlfn.XLOOKUP(Table1[[#This Row],[Malli]],Table3[Model],Table3[Average Price (EUR)]) -> 479 | K4: 24 | L4: 3 | M4: FALSE
A5: =ROW(A5) - 1 -> 4 | B5: Fonum | C5: Apple | D5: iPhone 15 Pro 5G | E5: =Table1[[#This Row],[Merkki]] & " " & Table1[[#This Row],[Malli]] -> Apple iPhone 15 Pro 5G | F5: =Table1[[#This Row],[Liike]] & " " & Table1[[#This Row],[Merkki ja malli]] -> Fonum Apple iPhone 15 Pro 5G | G5: Näyttö | H5: 489 | I5: {=_xlfn.XLOOKUP(Table1[[#This Row],[Malli]],'Puhelin tuotehinta'!$B$2:$B$49,_xlfn.XLOOKUP(Table1[[#This Row],[Tuote]],'Puhelin tuotehinta'!$C$1:$E$1,'Puhelin tuotehinta'!$C$2:$E$49))} -> 330 | J5: =_xlfn.XLOOKUP(Table1[[#This Row],[Malli]],Table3[Model],Table3[Average Price (EUR)]) -> 1179 | K5: 24 | L5: 1 | M5: FALSE
A6: =ROW(A6) - 1 -> 5 | B6: Fonum | C6: Apple | D6: iPhone 15 Pro 5G | E6: =Table1[[#This Row],[Merkki]] & " " & Table1[[#This Row],[Malli]] -> Apple iPhone 15 Pro 5G | F6: =Table1[[#This Row],[Liike]] & " " & Table1[[#This Row],[Merkki ja malli]] -> Fonum Apple iPhone 15 Pro 5G | G6: Akku | H6: 79 | I6: {=_xlfn.XLOOKUP(Table1[[#This Row],[Malli]],'Puhelin tuotehinta'!$B$2:$B$49,_xlfn.XLOOKUP(Table1[[#This Row],[Tuote]],'Puhelin tuotehinta'!$C$1:$E$1,'Puhelin tuotehinta'!$C$2:$E$49))} -> 27 | J6: =_xlfn.XLOOKUP(Table1[[#This Row],[Malli]],Table3[Model],Table3[Average Price (EUR)]) -> 1179 | K6: 12 | L6: 1 | M6: FALSE
A7: =ROW(A7) - 1 -> 6 | B7: Fonum | C7: Apple | D7: iPhone 15 Pro 5G | E7: =Table1[[#This Row],[Merkki]] & " " & Table1[[#This Row],[Malli]] -> Apple iPhone 15 Pro 5G | F7: =Table1[[#This Row],[Liike]] & " " & Table1[[#This Row],[Merkki ja malli]] -> Fonum Apple iPhone 15 Pro 5G | G7: Latausportti | I7: {=_xlfn.XLOOKUP(Table1[[#This Row],[Malli]],'Puhelin tuotehinta'!$B$2:$B$49,_xlfn.XLOOKUP(Table1[[#This Row],[Tuote]],'Puhelin tuotehinta'!$C$1:$E$1,'Puhelin tuotehinta'!$C$2:$E$49))} -> 38 | J7: =_xlfn.XLOOKUP(Table1[[#This Row],[Malli]],Table3[Model],Table3[Average Price (EUR)]) -> 1179 | K7: 24 | L7: 3 | M7: FALSE
A8: =ROW(A8) - 1 -> 7 | B8: Fonum | C8: Honor | D8: X6a | E8: =Table1[[#This Row],[Merkki]] & " " & Table1[[#This Row],[Malli]] -> Honor X6a | F8: =Table1[[#This Row],[Liike]] & " " & Table1[[#This Row],[Merkki ja malli]] -> Fonum Honor X6a | G8: Näyttö | H8: 79 | I8: {=_xlfn.XLOOKUP(Table1[[#This Row],[Malli]],'Puhelin tuotehinta'!$B$2:$B$49,_xlfn.XLOOKUP(Table1[[#This Row],[Tuote]],'Puhelin tuotehinta'!$C$1:$E$1,'Puhelin tuotehinta'!$C$2:$E$49))} -> 40 | J8: =_xlfn.XLOOKUP(Table1[[#This Row],[Malli]],Table3[Model],Table3[Average Price (EUR)]) -> 117 | K8: 24 | L8: 1 | M8: FALSE
A9: =ROW(A9) - 1 -> 8 | B9: Fonum | C9: Honor | D9: X6a | E9: =Table1[[#This Row],[Merkki]] & " " & Table1[[#This Row],[Malli]] -> Honor X6a | F9: =Table1[[#This Row],[Liike]] & " " & Table1[[#This Row],[Merkki ja malli]] -> Fonum Honor X6a | G9: Akku | I9: {=_xlfn.XLOOKUP(Table1[[#This Row],[Malli]],'Puhelin tuotehinta'!$B$2:$B$49,_xlfn.XLOOKUP(Table1[[#This Row],[Tuote]],'Puhelin tuotehinta'!$C$1:$E$1,'Puhelin tuotehinta'!$C$2:$E$49))} -> 19 | J9: =_xlfn.XLOOKUP(Table1[[#This Row],[Malli]],Table3[Model],Table3[Average Price (EUR)]) -> 117 | K9: 12 | L9: 1 | M9: FALSE
A10: =ROW(A10) - 1 -> 9 | B10: Fonum | C10: Honor | D10: X6a | E10: =Table1[[#This Row],[Merkki]] & " " & Table1[[#This Row],[Malli]] -> Honor X6a | F10: =Table1[[#This Row],[Liike]] & " " & Table1[[#This Row],[Merkki ja malli]] -> Fonum Honor X6a | G10: Latausportti | I10: {=_xlfn.XLOOKUP(Table1[[#This Row],[Malli]],'Puhelin tuotehinta'!$B$2:$B$49,_xlfn.XLOOKUP(Table1[[#This Row],[Tuote]],'Puhelin tuotehinta'!$C$1:$E$1,'Puhelin tuotehinta'!$C$2:$E$49))} -> 23 | J10: =_xlfn.XLOOKUP(Table1[[#This Row],[Malli]],Table3[Model],Table3[Average Price (EUR)]) -> 117 | K10: 24 | L10: 3 | M10: FALSE
A11: =ROW(A11) - 1 -> 10 | B11: Fonum | C11: OnePlus | D11: 12 5G | E11: =Table1[[#This Row],[Merkki]] & " " & Table1[[#This Row],[Malli]] -> OnePlus 12 5G | F11: =Table1[[#This Row],[Liike]] & " " & Table1[[#This Row],[Merkki ja malli]] -> Fonum OnePlus 12 5G | G11: Näyttö | H11: 429 € | I11: {=_xlfn.XLOOKUP(Table1[[#This Row],[Malli]],'Puhelin tuotehinta'!$B$2:$B$49,_xlfn.XLOOKUP(Table1[[#This Row],[Tuote]],'Puhelin tuotehinta'!$C$1:$E$1,'Puhelin tuotehinta'!$C$2:$E$49))} -> 176 | J11: =_xlfn.XLOOKUP(Table1[[#This Row],[Malli]],Table3[Model],Table3[Average Price (EUR)]) -> 649 | K11: 24 | L11: 1 | M11: FALSE
A12: =ROW(A12) - 1 -> 11 | B12: Fonum | C12: OnePlus | D12: 12 5G | E12: =Table1[[#This Row],[Merkki]] & " " & Table1[[#This Row],[Malli]] -> OnePlus 12 5G | F12: =Table1[[#This Row],[Liike]] & " " & Table1[[#This Row],[Merkki ja malli]] -> Fonum OnePlus 12 5G | G12: Akku | H12: 99 € | I12: {=_xlfn.XLOOKUP(Table1[[#This Row],[Malli]],'Puhelin tuotehinta'!$B$2:$B$49,_xlfn.XLOOKUP(Table1[[#This Row],[Tuote]],'Puhelin tuotehinta'!$C$1:$E$1,'Puhelin tuotehinta'!$C$2:$E$49))} -> 14 | J12: =_xlfn.XLOOKUP(Table1[[#This Row],[Malli]],Table3[Model],Table3[Average Price (EUR)]) -> 649 | K12: 12 | L12: 1 | M12: FALSE
A13: =ROW(A13) - 1 -> 12 | B13: Fonum | C13: OnePlus | D13: 12 5G | E13: =Table1[[#This Row],[Merkki]] & " " & Table1[[#This Row],[Malli]] -> OnePlus 12 5G | F13: =Table1[[#This Row],[Liike]] & " " & Table1[[#This Row],[Merkki ja malli]] -> Fonum OnePlus 12 5G | G13: Latausportti | I13: {=_xlfn.XLOOKUP(Table1[[#This Row],[Malli]],'Puhelin tuotehinta'!$B$2:$B$49,_xlfn.XLOOKUP(Table1[[#This Row],[Tuote]],'Puhelin tuotehinta'!$C$1:$E$1,'Puhelin tuotehinta'!$C$2:$E$49))} -> 15 | J13: =_xlfn.XLOOKUP(Table1[[#This Row],[Malli]],Table3[Model],Table3[Average Price (EUR)]) -> 649 | K13: 24 | L13: 3 | M13: FALSE
A14: =ROW(A14) - 1 -> 13 | B14: Fonum | C14: OnePlus | D14: Nord CE 3 Lite 5G | E14: =Table1[[#This Row],[Merkki]] & " " & Table1[[#This Row],[Malli]] -> OnePlus Nord CE 3 Lite 5G | F14: =Table1[[#This Row],[Liike]] & " " & Table1[[#This Row],[Merkki ja malli]] -> Fonum OnePlus Nord CE 3 Lite 5G | G14: Näyttö | H14: 119 € | I14: {=_xlfn.XLOOKUP(Table1[[#This Row],[Malli]],'Puhelin tuotehinta'!$B$2:$B$49,_xlfn.XLOOKUP(Table1[[#This Row],[Tuote]],'Puhelin tuotehinta'!$C$1:$E$1,'Puhelin tuotehinta'!$C$2:$E$49))} -> 40 | J14: =_xlfn.XLOOKUP(Table1[[#This Row],[Malli]],Table3[Model],Table3[Average Price (EUR)]) -> 249 | K14: 24 | L14: 1 | M14: FALSE
A15: =ROW(A15) - 1 -> 14 | B15: Fonum | C15: OnePlus | D15: Nord CE 3 Lite 5G | E15: =Table1[[#This Row],[Merkki]] & " " & Table1[[#This Row],[Malli]] -> OnePlus Nord CE 3 Lite 5G | F15: =Table1[[#This Row],[Liike]] & " " & Table1[[#This Row],[Merkki ja malli]] -> Fonum OnePlus Nord CE 3 Lite 5G | G15: Akku | H15: 79 € | I15: {=_xlfn.XLOOKUP(Table1[[#This Row],[Malli]],'Puhelin tuotehinta'!$B$2:$B$49,_xlfn.XLOOKUP(Table1[[#This Row],[Tuote]],'Puhelin tuotehinta'!$C$1:$E$1,'Puhelin tuotehinta'!$C$2:$E$49))} -> 10 | J15: =_xlfn.XLOOKUP(Table1[[#This Row],[Malli]],Table3[Model],Table3[Average Price (EUR)]) -> 249 | K15: 12 | L15: 1 | M15: FALSE
A16: =ROW(A16) - 1 -> 15 | B16: Fonum | C16: OnePlus | D16: Nord CE 3 Lite 5G | E16: =Table1[[#This Row],[Merkki]] & " " & Table1[[#This Row],[Malli]] -> OnePlus Nord CE 3 Lite 5G | F16: =Table1[[#This Row],[Liike]] & " " & Table1[[#This Row],[Merkki ja malli]] -> Fonum OnePlus Nord CE 3 Lite 5G | G16: Latausportti | I16: {=_xlfn.XLOOKUP(Table1[[#This Row],[Malli]],'Puhelin tuotehinta'!$B$2:$B$49,_xlfn.XLOOKUP(Table1[[#This Row],[Tuote]],'Puhelin tuotehinta'!$C$1:$E$1,'Puhelin tuotehinta'!$C$2:$E$49))} -> 15 | J16: =_xlfn.XLOOKUP(Table1[[#This Row],[Malli]],Table3[Model],Table3[Average Price (EUR)]) -> 249 | K16: 24 | L16: 3 | M16: FALSE
A17: =ROW(A17) - 1 -> 16 | B17: Fonum | C17: OnePlus | D17: Nord CE4 Lite 5G | E17: =Table1[[#This Row],[Merkki]] & " " & Table1[[#This Row],[Malli]] -> OnePlus Nord CE4 Lite 5G | F17: =Table1[[#This Row],[Liike]] & " " & Table1[[#This Row],[Merkki ja malli]] -> Fonum OnePlus Nord CE4 Lite 5G | G17: Näyttö | H17: 149 € | I17: {=_xlfn.XLOOKUP(Table1[[#This Row],[Malli]],'Puhelin tuotehinta'!$B$2:$B$49,_xlfn.XLOOKUP(Table1[[#This Row],[Tuote]],'Puhelin tuotehinta'!$C$1:$E$1,'Puhelin tuotehinta'!$C$2:$E$49))} -> 88 | J17: =_xlfn.XLOOKUP(Table1[[#This Row],[Malli]],Table3[Model],Table3[Average Price (EUR)]) -> 179 | K17: 24 | L17: 1 | M17: FALSE
A18: =ROW(A18) - 1 -> 17 | B18: Fonum | C18: OnePlus | D18: Nord CE4 Lite 5G | E18: =Table1[[#This Row],[Merkki]] & " " & Table1[[#This Row],[Malli]] -> OnePlus Nord CE4 Lite 5G | F18: =Table1[[#This Row],[Liike]] & " " & Table1[[#This Row],[Merkki ja malli]] -> Fonum OnePlus Nord CE4 Lite 5G | G18: Akku | I18: {=_xlfn.XLOOKUP(Table1[[#This Row],[Malli]],'Puhelin tuotehinta'!$B$2:$B$49,_xlfn.XLOOKUP(Table1[[#This Row],[Tuote]],'Puhelin tuotehinta'!$C$1:$E$1,'Puhelin tuotehinta'!$C$2:$E$49))} -> 12 | J18: =_xlfn.XLOOKUP(Table1[[#This Row],[Malli]],Table3[Model],Table3[Average Price (EUR)]) -> 179 | K18: 12 | L18: 1 | M18: FALSE
A19: =ROW(A19) - 1 -> 18 | B19: Fonum | C19: OnePlus | D19: Nord CE4 Lite 5G | E19: =Table1[[#This Row],[Merkki]] & " " & Table1[[#This Row],[Malli]] -> OnePlus Nord CE4 Lite 5G | F19: =Table1[[#This Row],[Liike]] & " " & Table1[[#This Row],[Merkki ja malli]] -> Fonum OnePlus Nord CE4 Lite 5G | G19: Latausportti | I19: {=_xlfn.XLOOKUP(Table1[[#This Row],[Malli]],'Puhelin tuotehinta'!$B$2:$B$49,_xlfn.XLOOKUP(Table1[[#This Row],[Tuote]],'Puhelin tuotehinta'!$C$1:$E$1,'Puhelin tuotehinta'!$C$2:$E$49))} -> 15 | J19: =_xlfn.XLOOKUP(Table1[[#This Row],[Malli]],Table3[Model],Table3[Average Price (EUR)]) -> 179 | K19: 24 | L19: 3 | M19: FALSE
A20: =ROW(A20) - 1 -> 19 | B20: Fonum | C20: Oppo | D20: A18 | E20: =Table1[[#This Row],[Merkki]] & " " & Table1[[#This Row],[Malli]] -> Oppo A18 | F20: =Table1[[#This Row],[Liike]] & " " & Table1[[#This Row],[Merkki ja malli]] -> Fonum Oppo A18 | G20: Näyttö | H20: 129 € | I20: {=_xlfn.XLOOKUP(Table1[[#This Row],[Malli]],'Puhelin tuotehinta'!$B$2:$B$49,_xlfn.XLOOKUP(Table1[[#This Row],[Tuote]],'Puhelin tuotehinta'!$C$1:$E$1,'Puhelin tuotehinta'!$C$2:$E$49))} -> 16 | J20: =_xlfn.XLOOKUP(Table1[[#This Row],[Malli]],Table3[Model],Table3[Average Price (EUR)]) -> 79 | K20: 24 | L20: 1 | M20: FALSE
A21: =ROW(A21) - 1 -> 20 | B21: Fonum | C21: Oppo | D21: A18 | E21: =Table1[[#This Row],[Merkki]] & " " & Table1[[#This Row],[Malli]] -> Oppo A18 | F21: =Table1[[#This Row],[Liike]] & " " & Table1[[#This Row],[Merkki ja malli]] -> Fonum Oppo A18 | G21: Akku | I21: {=_xlfn.XLOOKUP(Table1[[#This Row],[Malli]],'Puhelin tuotehinta'!$B$2:$B$49,_xlfn.XLOOKUP(Table1[[#This Row],[Tuote]],'Puhelin tuotehinta'!$C$1:$E$1,'Puhelin tuotehinta'!$C$2:$E$49))} -> 17 | J21: =_xlfn.XLOOKUP(Table1[[#This Row],[Malli]],Table3[Model],Table3[Average Price (EUR)]) -> 79 | K21: 12 | L21: 1 | M21: FALSE
A22: =ROW(A22) - 1 -> 21 | B22: Fonum | C22: Oppo | D22: A18 | E22: =Table1[[#This Row],[Merkki]] & " " & Table1[[#This Row],[Malli]] -> Oppo A18 | F22: =Table1[[#This Row],[Liike]] & " " & Table1[[#This Row],[Merkki ja malli]] -> Fonum Oppo A18 | G22: Latausportti | I22: {=_xlfn.XLOOKUP(Table1[[#This Row],[Malli]],'Puhelin tuotehinta'!$B$2:$B$49,_xlfn.XLOOKUP(Table1[[#This Row],[Tuote]],'Puhelin tuotehinta'!$C$1:$E$1,'Puhelin tuotehinta'!$C$2:$E$49))} -> 17 | J22: =_xlfn.XLOOKUP(Table1[[#This Row],[Malli]],Table3[Model],Table3[Average Price (EUR)]) -> 79 | K22: 24 | L22: 3 | M22: FALSE
A23: =ROW(A23) - 1 -> 22 | B23: Fonum | C23: Samsung | D23: Galaxy A15 5G | E23: =Table1[[#This Row],[Merkki]] & " " & Table1[[#This Row],[Malli]] -> Samsung Galaxy A15 5G | F23: =Table1[[#This Row],[Liike]] & " " & Table1[[#This Row],[Merkki ja malli]] -> Fonum Samsung Galaxy A15 5G | G23: Näyttö | H23: 99 € | I23: {=_xlfn.XLOOKUP(Table1[[#This Row],[Malli]],'Puhelin tuotehinta'!$B$2:$B$49,_xlfn.XLOOKUP(Table1[[#This Row],[Tuote]],'Puhelin tuotehinta'!$C$1:$E$1,'Puhelin tuotehinta'!$C$2:$E$49))} -> 27 | J23: =_xlfn.XLOOKUP(Table1[[#This Row],[Malli]],Table3[Model],Table3[Average Price (EUR)]) -> 129 | K23: 24 | L23: 1 | M23: FALSE
A24: =ROW(A24) - 1 -> 23 | B24: Fonum | C24: Samsung | D24: Galaxy A15 5G | E24: =Table1[[#This Row],[Merkki]] & " " & Table1[[#This Row],[Malli]] -> Samsung Galaxy A15 5G | F24: =Table1[[#This Row],[Liike]] & " " & Table1[[#This Row],[Merkki ja malli]] -> Fonum Samsung Galaxy A15 5G | G24: Akku | H24: 49 € | I24: {=_xlfn.XLOOKUP(Table1[[#This Row],[Malli]],'Puhelin tuotehinta'!$B$2:$B$49,_xlfn.XLOOKUP(Table1[[#This Row],[Tuote]],'Puhelin tuotehinta'!$C$1:$E$1,'Puhelin tuotehinta'!$C$2:$E$49))} -> 18 | J24: =_xlfn.XLOOKUP(Table1[[#This Row],[Malli]],Table3[Model],Table3[Average Price (EUR)]) -> 129 | K24: 12 | L24: 1 | M24: FALSE
A25: =ROW(A25) - 1 -> 24 | B25: Fonum | C25: Samsung | D25: Galaxy A15 5G | E25: =Table1[[#This Row],[Merkki]] & " " & Table1[[#This Row],[Malli]] -> Samsung Galaxy A15 5G | F25: =Table1[[#This Row],[Liike]] & " " & Table1[[#This Row],[Merkki ja malli]] -> Fonum Samsung Galaxy A15 5G | G25: Latausportti | I25: {=_xlfn.XLOOKUP(Table1[[#This Row],[Malli]],'Puhelin tuotehinta'!$B$2:$B$49,_xlfn.XLOOKUP(Table1[[#This Row],[Tuote]],'Puhelin tuotehinta'!$C$1:$E$1,'Puhelin tuotehinta'!$C$2:$E$49))} -> 11 | J25: =_xlfn.XLOOKUP(Table1[[#This Row],[Malli]],Table3[Model],Table3[Average Price (EUR)]) -> 129 | K25: 24 | L25: 3 | M25: FALSE
A26: =ROW(A26) - 1 -> 25 | B26: Fonum | C26: Samsung | D26: Galaxy A25 5G | E26: =Table1[[#This Row],[Merkki]] & " " & Table1[[#This Row],[Malli]] -> Samsung Galaxy A25 5G | F26: =Table1[[#This Row],[Liike]] & " " & Table1[[#This Row],[Merkki ja malli]] -> Fonum Samsung Galaxy A25 5G | G26: Näyttö | H26: 99 | I26: {=_xlfn.XLOOKUP(Table1[[#This Row],[Malli]],'Puhelin tuotehinta'!$B$2:$B$49,_xlfn.XLOOKUP(Table1[[#This Row],[Tuote]],'Puhelin tuotehinta'!$C$1:$E$1,'Puhelin tuotehinta'!$C$2:$E$49))} -> 49 | J26: =_xlfn.XLOOKUP(Table1[[#This Row],[Malli]],Table3[Model],Table3[Average Price (EUR)]) -> 169 | K26: 24 | L26: 1 | M26: FALSE
A27: =ROW(A27) - 1 -> 26 | B27: Fonum | C27: Samsung | D27: Galaxy A25 5G | E27: =Table1[[#This Row],[Merkki]] & " " & Table1[[#This Row],[Malli]] -> Samsung Galaxy A25 5G | F27: =Table1[[#This Row],[Liike]] & " " & Table1[[#This Row],[Merkki ja malli]] -> Fonum Samsung Galaxy A25 5G | G27: Akku | I27: {=_xlfn.XLOOKUP(Table1[[#This Row],[Malli]],'Puhelin tuotehinta'!$B$2:$B$49,_xlfn.XLOOKUP(Table1[[#This Row],[Tuote]],'Puhelin tuotehinta'!$C$1:$E$1,'Puhelin tuotehinta'!$C$2:$E$49))} -> 10 | J27: =_xlfn.XLOOKUP(Table1[[#This Row],[Malli]],Table3[Model],Table3[Average Price (EUR)]) -> 169 | K27: 12 | L27: 1 | M27: FALSE
A28: =ROW(A28) - 1 -> 27 | B28: Fonum | C28: Samsung | D28: Galaxy A25 5G | E28: =Table1[[#This Row],[Merkki]] & " " & Table1[[#This Row],[Malli]] -> Samsung Galaxy A25 5G | F28: =Table1[[#This Row],[Liike]] & " " & Table1[[#This Row],[Merkki ja malli]] -> Fonum Samsung Galaxy A25 5G | G28: Latausportti | I28: {=_xlfn.XLOOKUP(Table1[[#This Row],[Malli]],'Puhelin tuotehinta'!$B$2:$B$49,_xlfn.XLOOKUP(Table1[[#This Row],[Tuote]],'Puhelin tuotehinta'!$C$1:$E$1,'Puhelin tuotehinta'!$C$2:$E$49))} -> 18 | J28: =_xlfn.XLOOKUP(Table1[[#This Row],[Malli]],Table3[Model],Table3[Average Price (EUR)]) -> 169 | K28: 24 | L28: 3 | M28: FALSE
A29: =ROW(A29) - 1 -> 28 | B29: Fonum | C29: Samsung | D29: Galaxy A55 5G | E29: =Table1[[#This Row],[Merkki]] & " " & Table1[[#This Row],[Malli]] -> Samsung Galaxy A55 5G | F29: =Table1[[#This Row],[Liike]] & " " & Table1[[#This Row],[Merkki ja malli]] -> Fonum Samsung Galaxy A55 5G | G29: Näyttö | H29: 99 | I29: {=_xlfn.XLOOKUP(Table1[[#This Row],[Malli]],'Puhelin tuotehinta'!$B$2:$B$49,_xlfn.XLOOKUP(Table1[[#This Row],[Tuote]],'Puhelin tuotehinta'!$C$1:$E$1,'Puhelin tuotehinta'!$C$2:$E$49))} -> 66 | J29: =_xlfn.XLOOKUP(Table1[[#This Row],[Malli]],Table3[Model],Table3[Average Price (EUR)]) -> 299 | K29: 24 | L29: 1 | M29: FALSE
A30: =ROW(A30) - 1 -> 29 | B30: Fonum | C30: Samsung | D30: Galaxy A55 5G | E30: =Table1[[#This Row],[Merkki]] & " " & Table1[[#This Row],[Malli]] -> Samsung Galaxy A55 5G | F30: =Table1[[#This Row],[Liike]] & " " & Table1[[#This Row],[Merkki ja malli]] -> Fonum Samsung Galaxy A55 5G | G30: Akku | I30: {=_xlfn.XLOOKUP(Table1[[#This Row],[Malli]],'Puhelin tuotehinta'!$B$2:$B$49,_xlfn.XLOOKUP(Table1[[#This Row],[Tuote]],'Puhelin tuotehinta'!$C$1:$E$1,'Puhelin tuotehinta'!$C$2:$E$49))} -> 25 | J30: =_xlfn.XLOOKUP(Table1[[#This Row],[Malli]],Table3[Model],Table3[Average Price (EUR)]) -> 299 | K30: 12 | L30: 1 | M30: FALSE
A31: =ROW(A31) - 1 -> 30 | B31: Fonum | C31: Samsung | D31: Galaxy A55 5G | E31: =Table1[[#This Row],[Merkki]] & " " & Table1[[#This Row],[Malli]] -> Samsung Galaxy A55 5G | F31: =Table1[[#This Row],[Liike]] & " " & Table1[[#This Row],[Merkki ja malli]] -> Fonum Samsung Galaxy A55 5G | G31: Latausportti | I31: {=_xlfn.XLOOKUP(Table1[[#This Row],[Malli]],'Puhelin tuotehinta'!$B$2:$B$49,_xlfn.XLOOKUP(Table1[[#This Row],[Tuote]],'Puhelin tuotehinta'!$C$1:$E$1,'Puhelin tuotehinta'!$C$2:$E$49))} -> 28 | J31: =_xlfn.XLOOKUP(Table1[[#This Row],[Malli]],Table3[Model],Table3[Average Price (EUR)]) -> 299 | K31: 24 | L31: 3 | M31: FALSE
A32: =ROW(A32) - 1 -> 31 | B32: Handleit | C32: Apple | D32: iPhone 13 5G | E32: =Table1[[#This Row],[Merkki]] & " " & Table1[[#This Row],[Malli]] -> Apple iPhone 13 5G | F32: =Table1[[#This Row],[Liike]] & " " & Table1[[#This Row],[Merkki ja malli]] -> Handleit Apple iPhone 13 5G | G32: Näyttö | H32: 329 | I32: {=_xlfn.XLOOKUP(Table1[[#This Row],[Malli]],'Puhelin tuotehinta'!$B$2:$B$49,_xlfn.XLOOKUP(Table1[[#This Row],[Tuote]],'Puhelin tuotehinta'!$C$1:$E$1,'Puhelin tuotehinta'!$C$2:$E$49))} -> 181 | J32: =_xlfn.XLOOKUP(Table1[[#This Row],[Malli]],Table3[Model],Table3[Average Price (EUR)]) -> 479 | K32: 12 | L32: 1 | M32: TRUE
A33: =ROW(A33) - 1 -> 32 | B33: Handleit | C33: Apple | D33: iPhone 13 5G | E33: =Table1[[#This Row],[Merkki]] & " " & Table1[[#This Row],[Malli]] -> Apple iPhone 13 5G | F33: =Table1[[#This Row],[Liike]] & " " & Table1[[#This Row],[Merkki ja malli]] -> Handleit Apple iPhone 13 5G | G33: Akku | H33: 55 | I33: {=_xlfn.XLOOKUP(Table1[[#This Row],[Malli]],'Puhelin tuotehinta'!$B$2:$B$49,_xlfn.XLOOKUP(Table1[[#This Row],[Tuote]],'Puhelin tuotehinta'!$C$1:$E$1,'Puhelin tuotehinta'!$C$2:$E$49))} -> 27 | J33: =_xlfn.XLOOKUP(Table1[[#This Row],[Malli]],Table3[Model],Table3[Average Price (EUR)]) -> 479 | K33: 6 | L33: 1 | M33: FALSE
A34: =ROW(A34) - 1 -> 33 | B34: Handleit | C34: Apple | D34: iPhone 13 5G | E34: =Table1[[#This Row],[Merkki]] & " " & Table1[[#This Row],[Malli]] -> Apple iPhone 13 5G | F34: =Table1[[#This Row],[Liike]] & " " & Table1[[#This Row],[Merkki ja malli]] -> Handleit Apple iPhone 13 5G | G34: Latausportti | H34: 89 | I34: {=_xlfn.XLOOKUP(Table1[[#This Row],[Malli]],'Puhelin tuotehinta'!$B$2:$B$49,_xlfn.XLOOKUP(Table1[[#This Row],[Tuote]],'Puhelin tuotehinta'!$C$1:$E$1,'Puhelin tuotehinta'!$C$2:$E$49))} -> 21 | J34: =_xlfn.XLOOKUP(Table1[[#This Row],[Malli]],Table3[Model],Table3[Average Price (EUR)]) -> 479 | K34: 12 | L34: 2 | M34: FALSE
A35: =ROW(A35) - 1 -> 34 | B35: Handleit | C35: Apple | D35: iPhone 15 Pro 5G | E35: =Table1[[#This Row],[Merkki]] & " " & Table1[[#This Row],[Malli]] -> Apple iPhone 15 Pro 5G | F35: =Table1[[#This Row],[Liike]] & " " & Table1[[#This Row],[Merkki ja malli]] -> Handleit Apple iPhone 15 Pro 5G | G35: Latausportti | H35: 119 | I35: {=_xlfn.XLOOKUP(Table1[[#This Row],[Malli]],'Puhelin tuotehinta'!$B$2:$B$49,_xlfn.XLOOKUP(Table1[[#This Row],[Tuote]],'Puhelin tuotehinta'!$C$1:$E$1,'Puhelin tuotehinta'!$C$2:$E$49))} -> 38 | J35: =_xlfn.XLOOKUP(Table1[[#This Row],[Malli]],Table3[Model],Table3[Average Price (EUR)]) -> 1179 | K35: 12 | L35: 2 | M35: FALSE
A36: =ROW(A36) - 1 -> 35 | B36: Handleit | C36: Apple | D36: iPhone 15 Pro 5G | E36: =Table1[[#This Row],[Merkki]] & " " & Table1[[#This Row],[Malli]] -> Apple iPhone 15 Pro 5G | F36: =Table1[[#This Row],[Liike]] & " " & Table1[[#This Row],[Merkki ja malli]] -> Handleit Apple iPhone 15 Pro 5G | G36: Näyttö | H36: 479 | I36: {=_xlfn.XLOOKUP(Table1[[#This Row],[Malli]],'Puhelin tuotehinta'!$B$2:$B$49,_xlfn.XLOOKUP(Table1[[#This Row],[Tuote]],'Puhelin tuotehinta'!$C$1:$E$1,'Puhelin tuotehinta'!$C$2:$E$49))} -> 330 | J36: =_xlfn.XLOOKUP(Table1[[#This Row],[Malli]],Table3[Model],Table3[Average Price (EUR)]) -> 1179 | K36: 12 | L36: 1 | M36: TRUE
A37: =ROW(A37) - 1 -> 36 | B37: Handleit | C37: Apple | D37: iPhone 15 Pro 5G | E37: =Table1[[#This Row],[Merkki]] & " " & Table1[[#This Row],[Malli]] -> Apple iPhone 15 Pro 5G | F37: =Table1[[#This Row],[Liike]] & " " & Table1[[#This Row],[Merkki ja malli]] -> Handleit Apple iPhone 15 Pro 5G | G37: Akku | H37: 89 | I37: {=_xlfn.XLOOKUP(Table1[[#This Row],[Malli]],'Puhelin tuotehinta'!$B$2:$B$49,_xlfn.XLOOKUP(Table1[[#This Row],[Tuote]],'Puhelin tuotehinta'!$C$1:$E$1,'Puhelin tuotehinta'!$C$2:$E$49))} -> 27 | J37: =_xlfn.XLOOKUP(Table1[[#This Row],[Malli]],Table3[Model],Table3[Average Price (EUR)]) -> 1179 | K37: 6 | L37: 1 | M37: FALSE
A38: =ROW(A38) - 1 -> 37 | B38: Handleit | C38: Honor | D38: X6a | E38: =Table1[[#This Row],[Merkki]] & " " & Table1[[#This Row],[Malli]] -> Honor X6a | F38: =Table1[[#This Row],[Liike]] & " " & Table1[[#This Row],[Merkki ja malli]] -> Handleit Honor X6a | G38: Näyttö | H38: 99 | I38: {=_xlfn.XLOOKUP(Table1[[#This Row],[Malli]],'Puhelin tuotehinta'!$B$2:$B$49,_xlfn.XLOOKUP(Table1[[#This Row],[Tuote]],'Puhelin tuotehinta'!$C$1:$E$1,'Puhelin tuotehinta'!$C$2:$E$49))} -> 40 | J38: =_xlfn.XLOOKUP(Table1[[#This Row],[Malli]],Table3[Model],Table3[Average Price (EUR)]) -> 117 | K38: 12 | L38: 1
A39: =ROW(A39) - 1 -> 38 | B39: Handleit | C39: Honor | D39: X6a | E39: =Table1[[#This Row],[Merkki]] & " " & Table1[[#This Row],[Malli]] -> Honor X6a | F39: =Table1[[#This Row],[Liike]] & " " & Table1[[#This Row],[Merkki ja malli]] -> Handleit Honor X6a | G39: Akku | H39: 39 | I39: {=_xlfn.XLOOKUP(Table1[[#This Row],[Malli]],'Puhelin tuotehinta'!$B$2:$B$49,_xlfn.XLOOKUP(Table1[[#This Row],[Tuote]],'Puhelin tuotehinta'!$C$1:$E$1,'Puhelin tuotehinta'!$C$2:$E$49))} -> 19 | J39: =_xlfn.XLOOKUP(Table1[[#This Row],[Malli]],Table3[Model],Table3[Average Price (EUR)]) -> 117 | K39: 6 | L39: 1
A40: =ROW(A40) - 1 -> 39 | B40: Handleit | C40: Honor | D40: X6a | E40: =Table1[[#This Row],[Merkki]] & " " & Table1[[#This Row],[Malli]] -> Honor X6a | F40: =Table1[[#This Row],[Liike]] & " " & Table1[[#This Row],[Merkki ja malli]] -> Handleit Honor X6a | G40: Latausportti | I40: {=_xlfn.XLOOKUP(Table1[[#This Row],[Malli]],'Puhelin tuotehinta'!$B$2:$B$49,_xlfn.XLOOKUP(Table1[[#This Row],[Tuote]],'Puhelin tuotehinta'!$C$1:$E$1,'Puhelin tuotehinta'!$C$2:$E$49))} -> 23 | J40: =_xlfn.XLOOKUP(Table1[[#This Row],[Malli]],Table3[Model],Table3[Average Price (EUR)]) -> 117 | K40: 12 | L40: 2
A41: =ROW(A41) - 1 -> 40 | B41: Handleit | C41: OnePlus | D41: 12 5G | E41: =Table1[[#This Row],[Merkki]] & " " & Table1[[#This Row],[Malli]] -> OnePlus 12 5G | F41: =Table1[[#This Row],[Liike]] & " " & Table1[[#This Row],[Merkki ja malli]] -> Handleit OnePlus 12 5G | G41: Näyttö | H41: 384 | I41: {=_xlfn.XLOOKUP(Table1[[#This Row],[Malli]],'Puhelin tuotehinta'!$B$2:$B$49,_xlfn.XLOOKUP(Table1[[#This Row],[Tuote]],'Puhelin tuotehinta'!$C$1:$E$1,'Puhelin tuotehinta'!$C$2:$E$49))} -> 176 | J41: =_xlfn.XLOOKUP(Table1[[#This Row],[Malli]],Table3[Model],Table3[Average Price (EUR)]) -> 649 | K41: 12 | L41: 1
A42: =ROW(A42) - 1 -> 41 | B42: Handleit | C42: OnePlus | D42: 12 5G | E42: =Table1[[#This Row],[Merkki]] & " " & Table1[[#This Row],[Malli]] -> OnePlus 12 5G | F42: =Table1[[#This Row],[Liike]] & " " & Table1[[#This Row],[Merkki ja malli]] -> Handleit OnePlus 12 5G | G42: Akku | H42: 79 | I42: {=_xlfn.XLOOKUP(Table1[[#This Row],[Malli]],'Puhelin tuotehinta'!$B$2:$B$49,_xlfn.XLOOKUP(Table1[[#This Row],[Tuote]],'Puhelin tuotehinta'!$C$1:$E$1,'Puhelin tuotehinta'!$C$2:$E$49))} -> 14 | J42: =_xlfn.XLOOKUP(Table1[[#This Row],[Malli]],Table3[Model],Table3[Average Price (EUR)]) -> 649 | K42: 6 | L42: 1
A43: =ROW(A43) - 1 -> 42 | B43: Handleit | C43: OnePlus | D43: 12 5G | E43: =Table1[[#This Row],[Merkki]] & " " & Table1[[#This Row],[Malli]] -> OnePlus 12 5G | F43: =Table1[[#This Row],[Liike]] & " " & Table1[[#This Row],[Merkki ja malli]] -> Handleit OnePlus 12 5G | G43: Latausportti | I43: {=_xlfn.XLOOKUP(Table1[[#This Row],[Malli]],'Puhelin tuotehinta'!$B$2:$B$49,_xlfn.XLOOKUP(Table1[[#This Row],[Tuote]],'Puhelin tuotehinta'!$C$1:$E$1,'Puhelin tuotehinta'!$C$2:$E$49))} -> 15 | J43: =_xlfn.XLOOKUP(Table1[[#This Row],[Malli]],Table3[Model],Table3[Average Price (EUR)]) -> 649 | K43: 12 | L43: 2
A44: =ROW(A44) - 1 -> 43 | B44: Handleit | C44: OnePlus | D44: Nord CE 3 Lite 5G | E44: =Table1[[#This Row],[Merkki]] & " " & Table1[[#This Row],[Malli]] -> OnePlus Nord CE 3 Lite 5G | F44: =Table1[[#This Row],[Liike]] & " " & Table1[[#This Row],[Merkki ja malli]] -> Handleit OnePlus Nord CE 3 Lite 5G | G44: Näyttö | H44: 159 | I44: {=_xlfn.XLOOKUP(Table1[[#This Row],[Malli]],'Puhelin tuotehinta'!$B$2:$B$49,_xlfn.XLOOKUP(Table1[[#This Row],[Tuote]],'Puhelin tuotehinta'!$C$1:$E$1,'Puhelin tuotehinta'!$C$2:$E$49))} -> 40 | J44: =_xlfn.XLOOKUP(Table1[[#This Row],[Malli]],Table3[Model],Table3[Average Price (EUR)]) -> 249 | K44: 12 | L44: 1
A45: =ROW(A45) - 1 -> 44 | B45: Handleit | C45: OnePlus | D45: Nord CE 3 Lite 5G | E45: =Table1[[#This Row],[Merkki]] & " " & Table1[[#This Row],[Malli]] -> OnePlus Nord CE 3 Lite 5G | F45: =Table1[[#This Row],[Liike]] & " " & Table1[[#This Row],[Merkki ja malli]] -> Handleit OnePlus Nord CE 3 Lite 5G | G45: Akku | H45: 79 | I45: {=_xlfn.XLOOKUP(Table1[[#This Row],[Malli]],'Puhelin tuotehinta'!$B$2:$B$49,_xlfn.XLOOKUP(Table1[[#This Row],[Tuote]],'Puhelin tuotehinta'!$C$1:$E$1,'Puhelin tuotehinta'!$C$2:$E$49))} -> 10 | J45: =_xlfn.XLOOKUP(Table1[[#This Row],[Malli]],Table3[Model],Table3[Average Price (EUR)]) -> 249 | K45: 6 | L45: 1
A46: =ROW(A46) - 1 -> 45 | B46: Handleit | C46: OnePlus | D46: Nord CE 3 Lite 5G | E46: =Table1[[#This Row],[Merkki]] & " " & Table1[[#This Row],[Malli]] -> OnePlus Nord CE 3 Lite 5G | F46: =Table1[[#This Row],[Liike]] & " " & Table1[[#This Row],[Merkki ja malli]] -> Handleit OnePlus Nord CE 3 Lite 5G | G46: Latausportti | I46: {=_xlfn.XLOOKUP(Table1[[#This Row],[Malli]],'Puhelin tuotehinta'!$B$2:$B$49,_xlfn.XLOOKUP(Table1[[#This Row],[Tuote]],'Puhelin tuotehinta'!$C$1:$E$1,'Puhelin tuotehinta'!$C$2:$E$49))} -> 15 | J46: =_xlfn.XLOOKUP(Table1[[#This Row],[Malli]],Table3[Model],Table3[Average Price (EUR)]) -> 249 | K46: 12 | L46: 2
A47: =ROW(A47) - 1 -> 46 | B47: Handleit | C47: OnePlus | D47: Nord CE4 Lite 5G | E47: =Table1[[#This Row],[Merkki]] & " " & Table1[[#This Row],[Malli]] -> OnePlus Nord CE4 Lite 5G | F47: =Table1[[#This Row],[Liike]] & " " & Table1[[#This Row],[Merkki ja malli]] -> Handleit OnePlus Nord CE4 Lite 5G | G47: Näyttö | I47: {=_xlfn.XLOOKUP(Table1[[#This Row],[Malli]],'Puhelin tuotehinta'!$B$2:$B$49,_xlfn.XLOOKUP(Table1[[#This Row],[Tuote]],'Puhelin tuotehinta'!$C$1:$E$1,'Puhelin tuotehinta'!$C$2:$E$49))} -> 88 | J47: =_xlfn.XLOOKUP(Table1[[#This Row],[Malli]],Table3[Model],Table3[Average Price (EUR)]) -> 179 | K47: 12 | L47: 1
A48: =ROW(A48) - 1 -> 47 | B48: Handleit | C48: OnePlus | D48: Nord CE4 Lite 5G | E48: =Table1[[#This Row],[Merkki]] & " " & Table1[[#This Row],[Malli]] -> OnePlus Nord CE4 Lite 5G | F48: =Table1[[#This Row],[Liike]] & " " & Table1[[#This Row],[Merkki ja malli]] -> Handleit OnePlus Nord CE4 Lite 5G | G48: Akku | I48: {=_xlfn.XLOOKUP(Table1[[#This Row],[Malli]],'Puhelin tuotehinta'!$B$2:$B$49,_xlfn.XLOOKUP(Table1[[#This Row],[Tuote]],'Puhelin tuotehinta'!$C$1:$E$1,'Puhelin tuotehinta'!$C$2:$E$49))} -> 12 | J48: =_xlfn.XLOOKUP(Table1[[#This Row],[Malli]],Table3[Model],Table3[Average Price (EUR)]) -> 179 | K48: 6 | L48: 1
A49: =ROW(A49) - 1 -> 48 | B49: Handleit | C49: OnePlus | D49: Nord CE4 Lite 5G | E49: =Table1[[#This Row],[Merkki]] & " " & Table1[[#This Row],[Malli]] -> OnePlus Nord CE4 Lite 5G | F49: =Table1[[#This Row],[Liike]] & " " & Table1[[#This Row],[Merkki ja malli]] -> Handleit OnePlus Nord CE4 Lite 5G | G49: Latausportti | I49: {=_xlfn.XLOOKUP(Table1[[#This Row],[Malli]],'Puhelin tuotehinta'!$B$2:$B$49,_xlfn.XLOOKUP(Table1[[#This Row],[Tuote]],'Puhelin tuotehinta'!$C$1:$E$1,'Puhelin tuotehinta'!$C$2:$E$49))} -> 15 | J49: =_xlfn.XLOOKUP(Table1[[#This Row],[Malli]],Table3[Model],Table3[Average Price (EUR)]) -> 179 | K49: 12 | L49: 2
A50: =ROW(A50) - 1 -> 49 | B50: Handleit | C50: Oppo | D50: A18 | E50: =Table1[[#This Row],[Merkki]] & " " & Table1[[#This Row],[Malli]] -> Oppo A18 | F50: =Table1[[#This Row],[Liike]] & " " & Table1[[#This Row],[Merkki ja malli]] -> Handleit Oppo A18 | G50: Näyttö | I50: {=_xlfn.XLOOKUP(Table1[[#This Row],[Malli]],'Puhelin tuotehinta'!$B$2:$B$49,_xlfn.XLOOKUP(Table1[[#This Row],[Tuote]],'Puhelin tuotehinta'!$C$1:$E$1,'Puhelin tuotehinta'!$C$2:$E$49))} -> 16 | J50: =_xlfn.XLOOKUP(Table1[[#This Row],[Malli]],Table3[Model],Table3[Average Price (EUR)]) -> 79 | K50: 12 | L50: 1
A51: =ROW(A51) - 1 -> 50 | B51: Handleit | C51: Oppo | D51: A18 | E51: =Table1[[#This Row],[Merkki]] & " " & Table1[[#This Row],[Malli]] -> Oppo A18 | F51: =Table1[[#This Row],[Liike]] & " " & Table1[[#This Row],[Merkki ja malli]] -> Handleit Oppo A18 | G51: Akku | I51: {=_xlfn.XLOOKUP(Table1[[#This Row],[Malli]],'Puhelin tuotehinta'!$B$2:$B$49,_xlfn.XLOOKUP(Table1[[#This Row],[Tuote]],'Puhelin tuotehinta'!$C$1:$E$1,'Puhelin tuotehinta'!$C$2:$E$49))} -> 17 | J51: =_xlfn.XLOOKUP(Table1[[#This Row],[Malli]],Table3[Model],Table3[Average Price (EUR)]) -> 79 | K51: 6 | L51: 1
A52: =ROW(A52) - 1 -> 51 | B52: Handleit | C52: Oppo | D52: A18 | E52: =Table1[[#This Row],[Merkki]] & " " & Table1[[#This Row],[Malli]] -> Oppo A18 | F52: =Table1[[#This Row],[Liike]] & " " & Table1[[#This Row],[Merkki ja malli]] -> Handleit Oppo A18 | G52: Latausportti | I52: {=_xlfn.XLOOKUP(Table1[[#This Row],[Malli]],'Puhelin tuotehinta'!$B$2:$B$49,_xlfn.XLOOKUP(Table1[[#This Row],[Tuote]],'Puhelin tuotehinta'!$C$1:$E$1,'Puhelin tuotehinta'!$C$2:$E$49))} -> 17 | J52: =_xlfn.XLOOKUP(Table1[[#This Row],[Malli]],Table3[Model],Table3[Average Price (EUR)]) -> 79 | K52: 12 | L52: 2
A53: =ROW(A53) - 1 -> 52 | B53: Handleit | C53: Samsung | D53: Galaxy A15 5G | E53: =Table1[[#This Row],[Merkki]] & " " & Table1[[#This Row],[Malli]] -> Samsung Galaxy A15 5G | F53: =Table1[[#This Row],[Liike]] & " " & Table1[[#This Row],[Merkki ja malli]] -> Handleit Samsung Galaxy A15 5G | G53: Näyttö | H53: 99 | I53: {=_xlfn.XLOOKUP(Table1[[#This Row],[Malli]],'Puhelin tuotehinta'!$B$2:$B$49,_xlfn.XLOOKUP(Table1[[#This Row],[Tuote]],'Puhelin tuotehinta'!$C$1:$E$1,'Puhelin tuotehinta'!$C$2:$E$49))} -> 27 | J53: =_xlfn.XLOOKUP(Table1[[#This Row],[Malli]],Table3[Model],Table3[Average Price (EUR)]) -> 129 | K53: 12 | L53: 1
A54: =ROW(A54) - 1 -> 53 | B54: Handleit | C54: Samsung | D54: Galaxy A15 5G | E54: =Table1[[#This Row],[Merkki]] & " " & Table1[[#This Row],[Malli]] -> Samsung Galaxy A15 5G | F54: =Table1[[#This Row],[Liike]] & " " & Table1[[#This Row],[Merkki ja malli]] -> Handleit Samsung Galaxy A15 5G | G54: Akku | H54: 59 | I54: {=_xlfn.XLOOKUP(Table1[[#This Row],[Malli]],'Puhelin tuotehinta'!$B$2:$B$49,_xlfn.XLOOKUP(Table1[[#This Row],[Tuote]],'Puhelin tuotehinta'!$C$1:$E$1,'Puhelin tuotehinta'!$C$2:$E$49))} -> 18 | J54: =_xlfn.XLOOKUP(Table1[[#This Row],[Malli]],Table3[Model],Table3[Average Price (EUR)]) -> 129 | K54: 6 | L54: 1
A55: =ROW(A55) - 1 -> 54 | B55: Handleit | C55: Samsung | D55: Galaxy A15 5G | E55: =Table1[[#This Row],[Merkki]] & " " & Table1[[#This Row],[Malli]] -> Samsung Galaxy A15 5G | F55: =Table1[[#This Row],[Liike]] & " " & Table1[[#This Row],[Merkki ja malli]] -> Handleit Samsung Galaxy A15 5G | G55: Latausportti | H55: 59 | I55: {=_xlfn.XLOOKUP(Table1[[#This Row],[Malli]],'Puhelin tuotehinta'!$B$2:$B$49,_xlfn.XLOOKUP(Table1[[#This Row],[Tuote]],'Puhelin tuotehinta'!$C$1:$E$1,'Puhelin tuotehinta'!$C$2:$E$49))} -> 11 | J55: =_xlfn.XLOOKUP(Table1[[#This Row],[Malli]],Table3[Model],Table3[Average Price (EUR)]) -> 129 | K55: 12 | L55: 2
A56: =ROW(A56) - 1 -> 55 | B56: Handleit | C56: Samsung | D56: Galaxy A25 5G | E56: =Table1[[#This Row],[Merkki]] & " " & Table1[[#This Row],[Malli]] -> Samsung Galaxy A25 5G | F56: =Table1[[#This Row],[Liike]] & " " & Table1[[#This Row],[Merkki ja malli]] -> Handleit Samsung Galaxy A25 5G | G56: Näyttö | H56: 119 | I56: {=_xlfn.XLOOKUP(Table1[[#This Row],[Malli]],'Puhelin tuotehinta'!$B$2:$B$49,_xlfn.XLOOKUP(Table1[[#This Row],[Tuote]],'Puhelin tuotehinta'!$C$1:$E$1,'Puhelin tuotehinta'!$C$2:$E$49))} -> 49 | J56: =_xlfn.XLOOKUP(Table1[[#This Row],[Malli]],Table3[Model],Table3[Average Price (EUR)]) -> 169 | K56: 12 | L56: 1
A57: =ROW(A57) - 1 -> 56 | B57: Handleit | C57: Samsung | D57: Galaxy A25 5G | E57: =Table1[[#This Row],[Merkki]] & " " & Table1[[#This Row],[Malli]] -> Samsung Galaxy A25 5G | F57: =Table1[[#This Row],[Liike]] & " " & Table1[[#This Row],[Merkki ja malli]] -> Handleit Samsung Galaxy A25 5G | G57: Akku | H57: 59 | I57: {=_xlfn.XLOOKUP(Table1[[#This Row],[Malli]],'Puhelin tuotehinta'!$B$2:$B$49,_xlfn.XLOOKUP(Table1[[#This Row],[Tuote]],'Puhelin tuotehinta'!$C$1:$E$1,'Puhelin tuotehinta'!$C$2:$E$49))} -> 10 | J57: =_xlfn.XLOOKUP(Table1[[#This Row],[Malli]],Table3[Model],Table3[Average Price (EUR)]) -> 169 | K57: 6 | L57: 1
A58: =ROW(A58) - 1 -> 57 | B58: Handleit | C58: Samsung | D58: Galaxy A25 5G | E58: =Table1[[#This Row],[Merkki]] & " " & Table1[[#This Row],[Malli]] -> Samsung Galaxy A25 5G | F58: =Table1[[#This Row],[Liike]] & " " & Table1[[#This Row],[Merkki ja malli]] -> Handleit Samsung Galaxy A25 5G | G58: Latausportti | H58: 59 | I58: {=_xlfn.XLOOKUP(Table1[[#This Row],[Malli]],'Puhelin tuotehinta'!$B$2:$B$49,_xlfn.XLOOKUP(Table1[[#This Row],[Tuote]],'Puhelin tuotehinta'!$C$1:$E$1,'Puhelin tuotehinta'!$C$2:$E$49))} -> 18 | J58: =_xlfn.XLOOKUP(Table1[[#This Row],[Malli]],Table3[Model],Table3[Average Price (EUR)]) -> 169 | K58: 12 | L58: 2
A59: =ROW(A59) - 1 -> 58 | B59: Handleit | C59: Samsung | D59: Galaxy A55 5G | E59: =Table1[[#This Row],[Merkki]] & " " & Table1[[#This Row],[Malli]] -> Samsung Galaxy A55 5G | F59: =Table1[[#This Row],[Liike]] & " " & Table1[[#This Row],[Merkki ja malli]] -> Handleit Samsung Galaxy A55 5G | G59: Näyttö | H59: 159 | I59: {=_xlfn.XLOOKUP(Table1[[#This Row],[Malli]],'Puhelin tuotehinta'!$B$2:$B$49,_xlfn.XLOOKUP(Table1[[#This Row],[Tuote]],'Puhelin tuotehinta'!$C$1:$E$1,'Puhelin tuotehinta'!$C$2:$E$49))} -> 66 | J59: =_xlfn.XLOOKUP(Table1[[#This Row],[Malli]],Table3[Model],Table3[Average Price (EUR)]) -> 299 | K59: 12 | L59: 1
A60: =ROW(A60) - 1 -> 59 | B60: Handleit | C60: Samsung | D60: Galaxy A55 5G | E60: =Table1[[#This Row],[Merkki]] & " " & Table1[[#This Row],[Malli]] -> Samsung Galaxy A55 5G | F60: =Table1[[#This Row],[Liike]] & " " & Table1[[#This Row],[Merkki ja malli]] -> Handleit Samsung Galaxy A55 5G | G60: Akku | H60: 69 | I60: {=_xlfn.XLOOKUP(Table1[[#This Row],[Malli]],'Puhelin tuotehinta'!$B$2:$B$49,_xlfn.XLOOKUP(Table1[[#This Row],[Tuote]],'Puhelin tuotehinta'!$C$1:$E$1,'Puhelin tuotehinta'!$C$2:$E$49))} -> 25 | J60: =_xlfn.XLOOKUP(Table1[[#This Row],[Malli]],Table3[Model],Table3[Average Price (EUR)]) -> 299 | K60: 6 | L60: 1
A61: =ROW(A61) - 1 -> 60 | B61: Handleit | C61: Samsung | D61: Galaxy A55 5G | E61: =Table1[[#This Row],[Merkki]] & " " & Table1[[#This Row],[Malli]] -> Samsung Galaxy A55 5G | F61: =Table1[[#This Row],[Liike]] & " " & Table1[[#This Row],[Merkki ja malli]] -> Handleit Samsung Galaxy A55 5G | G61: Latausportti | H61: 59 | I61: {=_xlfn.XLOOKUP(Table1[[#This Row],[Malli]],'Puhelin tuotehinta'!$B$2:$B$49,_xlfn.XLOOKUP(Table1[[#This Row],[Tuote]],'Puhelin tuotehinta'!$C$1:$E$1,'Puhelin tuotehinta'!$C$2:$E$49))} -> 28 | J61: =_xlfn.XLOOKUP(Table1[[#This Row],[Malli]],Table3[Model],Table3[Average Price (EUR)]) -> 299 | K61: 12 | L61: 2
A62: =ROW(A62) - 1 -> 61 | B62: itapsa | C62: Apple | D62: iPhone 13 5G | E62: =Table1[[#This Row],[Merkki]] & " " & Table1[[#This Row],[Malli]] -> Apple iPhone 13 5G | F62: =Table1[[#This Row],[Liike]] & " " & Table1[[#This Row],[Merkki ja malli]] -> itapsa Apple iPhone 13 5G | G62: Näyttö | H62: 199 | I62: {=_xlfn.XLOOKUP(Table1[[#This Row],[Malli]],'Puhelin tuotehinta'!$B$2:$B$49,_xlfn.XLOOKUP(Table1[[#This Row],[Tuote]],'Puhelin tuotehinta'!$C$1:$E$1,'Puhelin tuotehinta'!$C$2:$E$49))} -> 181 | J62: =_xlfn.XLOOKUP(Table1[[#This Row],[Malli]],Table3[Model],Table3[Average Price (EUR)]) -> 479 | K62: 24 | L62: 2 | M62: FALSE
A63: =ROW(A63) - 1 -> 62 | B63: itapsa | C63: Apple | D63: iPhone 13 5G | E63: =Table1[[#This Row],[Merkki]] & " " & Table1[[#This Row],[Malli]] -> Apple iPhone 13 5G | F63: =Table1[[#This Row],[Liike]] & " " & Table1[[#This Row],[Merkki ja malli]] -> itapsa Apple iPhone 13 5G | G63: Akku | H63: 79 | I63: {=_xlfn.XLOOKUP(Table1[[#This Row],[Malli]],'Puhelin tuotehinta'!$B$2:$B$49,_xlfn.XLOOKUP(Table1[[#This Row],[Tuote]],'Puhelin tuotehinta'!$C$1:$E$1,'Puhelin tuotehinta'!$C$2:$E$49))} -> 27 | J63: =_xlfn.XLOOKUP(Table1[[#This Row],[Malli]],Table3[Model],Table3[Average Price (EUR)]) -> 479 | K63: 24 | L63: 2 | M63: FALSE
A64: =ROW(A64) - 1 -> 63 | B64: itapsa | C64: Apple | D64: iPhone 13 5G | E64: =Table1[[#This Row],[Merkki]] & " " & Table1[[#This Row],[Malli]] -> Apple iPhone 13 5G | F64: =Table1[[#This Row],[Liike]] & " " & Table1[[#This Row],[Merkki ja malli]] -> itapsa Apple iPhone 13 5G | G64: Latausportti | H64: 99 | I64: {=_xlfn.XLOOKUP(Table1[[#This Row],[Malli]],'Puhelin tuotehinta'!$B$2:$B$49,_xlfn.XLOOKUP(Table1[[#This Row],[Tuote]],'Puhelin tuotehinta'!$C$1:$E$1,'Puhelin tuotehinta'!$C$2:$E$49))} -> 21 | J64: =_xlfn.XLOOKUP(Table1[[#This Row],[Malli]],Table3[Model],Table3[Average Price (EUR)]) -> 479 | K64: 24 | L64: 2 | M64: FALSE
A65: =ROW(A65) - 1 -> 64 | B65: itapsa | C65: Apple | D65: iPhone 15 Pro 5G | E65: =Table1[[#This Row],[Merkki]] & " " & Table1[[#This Row],[Malli]] -> Apple iPhone 15 Pro 5G | F65: =Table1[[#This Row],[Liike]] & " " & Table1[[#This Row],[Merkki ja malli]] -> itapsa Apple iPhone 15 Pro 5G | G65: Latausportti | H65: 109 | I65: {=_xlfn.XLOOKUP(Table1[[#This Row],[Malli]],'Puhelin tuotehinta'!$B$2:$B$49,_xlfn.XLOOKUP(Table1[[#This Row],[Tuote]],'Puhelin tuotehinta'!$C$1:$E$1,'Puhelin tuotehinta'!$C$2:$E$49))} -> 38 | J65: =_xlfn.XLOOKUP(Table1[[#This Row],[Malli]],Table3[Model],Table3[Average Price (EUR)]) -> 1179 | K65: 24 | L65: 2 | M65: FALSE
A66: =ROW(A66) - 1 -> 65 | B66: itapsa | C66: Apple | D66: iPhone 15 Pro 5G | E66: =Table1[[#This Row],[Merkki]] & " " & Table1[[#This Row],[Malli]] -> Apple iPhone 15 Pro 5G | F66: =Table1[[#This Row],[Liike]] & " " & Table1[[#This Row],[Merkki ja malli]] -> itapsa Apple iPhone 15 Pro 5G | G66: Näyttö | H66: 479 | I66: {=_xlfn.XLOOKUP(Table1[[#This Row],[Malli]],'Puhelin tuotehinta'!$B$2:$B$49,_xlfn.XLOOKUP(Table1[[#This Row],[Tuote]],'Puhelin tuotehinta'!$C$1:$E$1,'Puhelin tuotehinta'!$C$2:$E$49))} -> 330 | J66: =_xlfn.XLOOKUP(Table1[[#This Row],[Malli]],Table3[Model],Table3[Average Price (EUR)]) -> 1179 | K66: 24 | L66: 2 | M66: FALSE
A67: =ROW(A67) - 1 -> 66 | B67: itapsa | C67: Apple | D67: iPhone 15 Pro 5G | E67: =Table1[[#This Row],[Merkki]] & " " & Table1[[#This Row],[Malli]] -> Apple iPhone 15 Pro 5G | F67: =Table1[[#This Row],[Liike]] & " " & Table1[[#This Row],[Merkki ja malli]] -> itapsa Apple iPhone 15 Pro 5G | G67: Akku | H67: 89 | I67: {=_xlfn.XLOOKUP(Table1[[#This Row],[Malli]],'Puhelin tuotehinta'!$B$2:$B$49,_xlfn.XLOOKUP(Table1[[#This Row],[Tuote]],'Puhelin tuotehinta'!$C$1:$E$1,'Puhelin tuotehinta'!$C$2:$E$49))} -> 27 | J67: =_xlfn.XLOOKUP(Table1[[#This Row],[Malli]],Table3[Model],Table3[Average Price (EUR)]) -> 1179 | K67: 24 | L67: 2 | M67: FALSE
A68: =ROW(A68) - 1 -> 67 | B68: itapsa | C68: Honor | D68: X6a | E68: =Table1[[#This Row],[Merkki]] & " " & Table1[[#This Row],[Malli]] -> Honor X6a | F68: =Table1[[#This Row],[Liike]] & " " & Table1[[#This Row],[Merkki ja malli]] -> itapsa Honor X6a | G68: Näyttö | H68: 89 | I68: {=_xlfn.XLOOKUP(Table1[[#This Row],[Malli]],'Puhelin tuotehinta'!$B$2:$B$49,_xlfn.XLOOKUP(Table1[[#This Row],[Tuote]],'Puhelin tuotehinta'!$C$1:$E$1,'Puhelin tuotehinta'!$C$2:$E$49))} -> 40 | J68: =_xlfn.XLOOKUP(Table1[[#This Row],[Malli]],Table3[Model],Table3[Average Price (EUR)]) -> 117 | K68: 24 | L68: 2 | M68: FALSE
A69: =ROW(A69) - 1 -> 68 | B69: itapsa | C69: Honor | D69: X6a | E69: =Table1[[#This Row],[Merkki]] & " " & Table1[[#This Row],[Malli]] -> Honor X6a | F69: =Table1[[#This Row],[Liike]] & " " & Table1[[#This Row],[Merkki ja malli]] -> itapsa Honor X6a | G69: Akku | H69: 49 | I69: {=_xlfn.XLOOKUP(Table1[[#This Row],[Malli]],'Puhelin tuotehinta'!$B$2:$B$49,_xlfn.XLOOKUP(Table1[[#This Row],[Tuote]],'Puhelin tuotehinta'!$C$1:$E$1,'Puhelin tuotehinta'!$C$2:$E$49))} -> 19 | J69: =_xlfn.XLOOKUP(Table1[[#This Row],[Malli]],Table3[Model],Table3[Average Price (EUR)]) -> 117 | K69: 24 | L69: 2 | M69: FALSE
A70: =ROW(A70) - 1 -> 69 | B70: itapsa | C70: Honor | D70: X6a | E70: =Table1[[#This Row],[Merkki]] & " " & Table1[[#This Row],[Malli]] -> Honor X6a | F70: =Table1[[#This Row],[Liike]] & " " & Table1[[#This Row],[Merkki ja malli]] -> itapsa Honor X6a | G70: Latausportti | H70: 69 | I70: {=_xlfn.XLOOKUP(Table1[[#This Row],[Malli]],'Puhelin tuotehinta'!$B$2:$B$49,_xlfn.XLOOKUP(Table1[[#This Row],[Tuote]],'Puhelin tuotehinta'!$C$1:$E$1,'Puhelin tuotehinta'!$C$2:$E$49))} -> 23 | J70: =_xlfn.XLOOKUP(Table1[[#This Row],[Malli]],Table3[Model],Table3[Average Price (EUR)]) -> 117 | K70: 24 | L70: 2 | M70: FALSE
A71: =ROW(A71) - 1 -> 70 | B71: itapsa | C71: OnePlus | D71: 12 5G | E71: =Table1[[#This Row],[Merkki]] & " " & Table1[[#This Row],[Malli]] -> OnePlus 12 5G | F71: =Table1[[#This Row],[Liike]] & " " & Table1[[#This Row],[Merkki ja malli]] -> itapsa OnePlus 12 5G | G71: Näyttö | H71: 469 | I71: {=_xlfn.XLOOKUP(Table1[[#This Row],[Malli]],'Puhelin tuotehinta'!$B$2:$B$49,_xlfn.XLOOKUP(Table1[[#This Row],[Tuote]],'Puhelin tuotehinta'!$C$1:$E$1,'Puhelin tuotehinta'!$C$2:$E$49))} -> 176 | J71: =_xlfn.XLOOKUP(Table1[[#This Row],[Malli]],Table3[Model],Table3[Average Price (EUR)]) -> 649 | K71: 24 | L71: 2 | M71: FALSE
A72: =ROW(A72) - 1 -> 71 | B72: itapsa | C72: OnePlus | D72: 12 5G | E72: =Table1[[#This Row],[Merkki]] & " " & Table1[[#This Row],[Malli]] -> OnePlus 12 5G | F72: =Table1[[#This Row],[Liike]] & " " & Table1[[#This Row],[Merkki ja malli]] -> itapsa OnePlus 12 5G | G72: Akku | I72: {=_xlfn.XLOOKUP(Table1[[#This Row],[Malli]],'Puhelin tuotehinta'!$B$2:$B$49,_xlfn.XLOOKUP(Table1[[#This Row],[Tuote]],'Puhelin tuotehinta'!$C$1:$E$1,'Puhelin tuotehinta'!$C$2:$E$49))} -> 14 | J72: =_xlfn.XLOOKUP(Table1[[#This Row],[Malli]],Table3[Model],Table3[Average Price (EUR)]) -> 649 | K72: 24 | L72: 2 | M72: FALSE
A73: =ROW(A73) - 1 -> 72 | B73: itapsa | C73: OnePlus | D73: 12 5G | E73: =Table1[[#This Row],[Merkki]] & " " & Table1[[#This Row],[Malli]] -> OnePlus 12 5G | F73: =Table1[[#This Row],[Liike]] & " " & Table1[[#This Row],[Merkki ja malli]] -> itapsa OnePlus 12 5G | G73: Latausportti | I73: {=_xlfn.XLOOKUP(Table1[[#This Row],[Malli]],'Puhelin tuotehinta'!$B$2:$B$49,_xlfn.XLOOKUP(Table1[[#This Row],[Tuote]],'Puhelin tuotehinta'!$C$1:$E$1,'Puhelin tuotehinta'!$C$2:$E$49))} -> 15 | J73: =_xlfn.XLOOKUP(Table1[[#This Row],[Malli]],Table3[Model],Table3[Average Price (EUR)]) -> 649 | K73: 24 | L73: 2 | M73: FALSE
A74: =ROW(A74) - 1 -> 73 | B74: itapsa | C74: OnePlus | D74: Nord CE 3 Lite 5G | E74: =Table1[[#This Row],[Merkki]] & " " & Table1[[#This Row],[Malli]] -> OnePlus Nord CE 3 Lite 5G | F74: =Table1[[#This Row],[Liike]] & " " & Table1[[#This Row],[Merkki ja malli]] -> itapsa OnePlus Nord CE 3 Lite 5G | G74: Näyttö | H74: 169 | I74: {=_xlfn.XLOOKUP(Table1[[#This Row],[Malli]],'Puhelin tuotehinta'!$B$2:$B$49,_xlfn.XLOOKUP(Table1[[#This Row],[Tuote]],'Puhelin tuotehinta'!$C$1:$E$1,'Puhelin tuotehinta'!$C$2:$E$49))} -> 40 | J74: =_xlfn.XLOOKUP(Table1[[#This Row],[Malli]],Table3[Model],Table3[Average Price (EUR)]) -> 249 | K74: 24 | L74: 2 | M74: FALSE
A75: =ROW(A75) - 1 -> 74 | B75: itapsa | C75: OnePlus | D75: Nord CE 3 Lite 5G | E75: =Table1[[#This Row],[Merkki]] & " " & Table1[[#This Row],[Malli]] -> OnePlus Nord CE 3 Lite 5G | F75: =Table1[[#This Row],[Liike]] & " " & Table1[[#This Row],[Merkki ja malli]] -> itapsa OnePlus Nord CE 3 Lite 5G | G75: Akku | H75: 79 | I75: {=_xlfn.XLOOKUP(Table1[[#This Row],[Malli]],'Puhelin tuotehinta'!$B$2:$B$49,_xlfn.XLOOKUP(Table1[[#This Row],[Tuote]],'Puhelin tuotehinta'!$C$1:$E$1,'Puhelin tuotehinta'!$C$2:$E$49))} -> 10 | J75: =_xlfn.XLOOKUP(Table1[[#This Row],[Malli]],Table3[Model],Table3[Average Price (EUR)]) -> 249 | K75: 24 | L75: 2 | M75: FALSE
A76: =ROW(A76) - 1 -> 75 | B76: itapsa | C76: OnePlus | D76: Nord CE 3 Lite 5G | E76: =Table1[[#This Row],[Merkki]] & " " & Table1[[#This Row],[Malli]] -> OnePlus Nord CE 3 Lite 5G | F76: =Table1[[#This Row],[Liike]] & " " & Table1[[#This Row],[Merkki ja malli]] -> itapsa OnePlus Nord CE 3 Lite 5G | G76: Latausportti | I76: {=_xlfn.XLOOKUP(Table1[[#This Row],[Malli]],'Puhelin tuotehinta'!$B$2:$B$49,_xlfn.XLOOKUP(Table1[[#This Row],[Tuote]],'Puhelin tuotehinta'!$C$1:$E$1,'Puhelin tuotehinta'!$C$2:$E$49))} -> 15 | J76: =_xlfn.XLOOKUP(Table1[[#This Row],[Malli]],Table3[Model],Table3[Average Price (EUR)]) -> 249 | K76: 24 | L76: 2 | M76: FALSE
A77: =ROW(A77) - 1 -> 76 | B77: itapsa | C77: OnePlus | D77: Nord CE4 Lite 5G | E77: =Table1[[#This Row],[Merkki]] & " " & Table1[[#This Row],[Malli]] -> OnePlus Nord CE4 Lite 5G | F77: =Table1[[#This Row],[Liike]] & " " & Table1[[#This Row],[Merkki ja malli]] -> itapsa OnePlus Nord CE4 Lite 5G | G77: Näyttö | H77: 169 | I77: {=_xlfn.XLOOKUP(Table1[[#This Row],[Malli]],'Puhelin tuotehinta'!$B$2:$B$49,_xlfn.XLOOKUP(Table1[[#This Row],[Tuote]],'Puhelin tuotehinta'!$C$1:$E$1,'Puhelin tuotehinta'!$C$2:$E$49))} -> 88 | J77: =_xlfn.XLOOKUP(Table1[[#This Row],[Malli]],Table3[Model],Table3[Average Price (EUR)]) -> 179 | K77: 24 | L77: 2 | M77: FALSE
A78: =ROW(A78) - 1 -> 77 | B78: itapsa | C78: OnePlus | D78: Nord CE4 Lite 5G | E78: =Table1[[#This Row],[Merkki]] & " " & Table1[[#This Row],[Malli]] -> OnePlus Nord CE4 Lite 5G | F78: =Table1[[#This Row],[Liike]] & " " & Table1[[#This Row],[Merkki ja malli]] -> itapsa OnePlus Nord CE4 Lite 5G | G78: Akku | H78: 79 | I78: {=_xlfn.XLOOKUP(Table1[[#This Row],[Malli]],'Puhelin tuotehinta'!$B$2:$B$49,_xlfn.XLOOKUP(Table1[[#This Row],[Tuote]],'Puhelin tuotehinta'!$C$1:$E$1,'Puhelin tuotehinta'!$C$2:$E$49))} -> 12 | J78: =_xlfn.XLOOKUP(Table1[[#This Row],[Malli]],Table3[Model],Table3[Average Price (EUR)]) -> 179 | K78: 24 | L78: 2 | M78: FALSE
A79: =ROW(A79) - 1 -> 78 | B79: itapsa | C79: OnePlus | D79: Nord CE4 Lite 5G | E79: =Table1[[#This Row],[Merkki]] & " " & Table1[[#This Row],[Malli]] -> OnePlus Nord CE4 Lite 5G | F79: =Table1[[#This Row],[Liike]] & " " & Table1[[#This Row],[Merkki ja malli]] -> itapsa OnePlus Nord CE4 Lite 5G | G79: Latausportti | I79: {=_xlfn.XLOOKUP(Table1[[#This Row],[Malli]],'Puhelin tuotehinta'!$B$2:$B$49,_xlfn.XLOOKUP(Table1[[#This Row],[Tuote]],'Puhelin tuotehinta'!$C$1:$E$1,'Puhelin tuotehinta'!$C$2:$E$49))} -> 15 | J79: =_xlfn.XLOOKUP(Table1[[#This Row],[Malli]],Table3[Model],Table3[Average Price (EUR)]) -> 179 | K79: 24 | L79: 2 | M79: FALSE
A80: =ROW(A80) - 1 -> 79 | B80: itapsa | C80: Oppo | D80: A18 | E80: =Table1[[#This Row],[Merkki]] & " " & Table1[[#This Row],[Malli]] -> Oppo A18 | F80: =Table1[[#This Row],[Liike]] & " " & Table1[[#This Row],[Merkki ja malli]] -> itapsa Oppo A18 | G80: Näyttö | H80: 90 | I80: {=_xlfn.XLOOKUP(Table1[[#This Row],[Malli]],'Puhelin tuotehinta'!$B$2:$B$49,_xlfn.XLOOKUP(Table1[[#This Row],[Tuote]],'Puhelin tuotehinta'!$C$1:$E$1,'Puhelin tuotehinta'!$C$2:$E$49))} -> 16 | J80: =_xlfn.XLOOKUP(Table1[[#This Row],[Malli]],Table3[Model],Table3[Average Price (EUR)]) -> 79 | K80: 24 | L80: 2 | M80: FALSE
A81: =ROW(A81) - 1 -> 80 | B81: itapsa | C81: Oppo | D81: A18 | E81: =Table1[[#This Row],[Merkki]] & " " & Table1[[#This Row],[Malli]] -> Oppo A18 | F81: =Table1[[#This Row],[Liike]] & " " & Table1[[#This Row],[Merkki ja malli]] -> itapsa Oppo A18 | G81: Akku | I81: {=_xlfn.XLOOKUP(Table1[[#This Row],[Malli]],'Puhelin tuotehinta'!$B$2:$B$49,_xlfn.XLOOKUP(Table1[[#This Row],[Tuote]],'Puhelin tuotehinta'!$C$1:$E$1,'Puhelin tuotehinta'!$C$2:$E$49))} -> 17 | J81: =_xlfn.XLOOKUP(Table1[[#This Row],[Malli]],Table3[Model],Table3[Average Price (EUR)]) -> 79 | K81: 24 | L81: 2 | M81: FALSE
A82: =ROW(A82) - 1 -> 81 | B82: itapsa | C82: Oppo | D82: A18 | E82: =Table1[[#This Row],[Merkki]] & " " & Table1[[#This Row],[Malli]] -> Oppo A18 | F82: =Table1[[#This Row],[Liike]] & " " & Table1[[#This Row],[Merkki ja malli]] -> itapsa Oppo A18 | G82: Latausportti | I82: {=_xlfn.XLOOKUP(Table1[[#This Row],[Malli]],'Puhelin tuotehinta'!$B$2:$B$49,_xlfn.XLOOKUP(Table1[[#This Row],[Tuote]],'Puhelin tuotehinta'!$C$1:$E$1,'Puhelin tuotehinta'!$C$2:$E$49))} -> 17 | J82: =_xlfn.XLOOKUP(Table1[[#This Row],[Malli]],Table3[Model],Table3[Average Price (EUR)]) -> 79 | K82: 24 | L82: 2 | M82: FALSE
A83: =ROW(A83) - 1 -> 82 | B83: itapsa | C83: Samsung | D83: Galaxy A15 5G | E83: =Table1[[#This Row],[Merkki]] & " " & Table1[[#This Row],[Malli]] -> Samsung Galaxy A15 5G | F83: =Table1[[#This Row],[Liike]] & " " & Table1[[#This Row],[Merkki ja malli]] -> itapsa Samsung Galaxy A15 5G | G83: Näyttö | H83: 109 | I83: {=_xlfn.XLOOKUP(Table1[[#This Row],[Malli]],'Puhelin tuotehinta'!$B$2:$B$49,_xlfn.XLOOKUP(Table1[[#This Row],[Tuote]],'Puhelin tuotehinta'!$C$1:$E$1,'Puhelin tuotehinta'!$C$2:$E$49))} -> 27 | J83: =_xlfn.XLOOKUP(Table1[[#This Row],[Malli]],Table3[Model],Table3[Average Price (EUR)]) -> 129 | K83: 24 | L83: 2 | M83: FALSE
A84: =ROW(A84) - 1 -> 83 | B84: itapsa | C84: Samsung | D84: Galaxy A15 5G | E84: =Table1[[#This Row],[Merkki]] & " " & Table1[[#This Row],[Malli]] -> Samsung Galaxy A15 5G | F84: =Table1[[#This Row],[Liike]] & " " & Table1[[#This Row],[Merkki ja malli]] -> itapsa Samsung Galaxy A15 5G | G84: Akku | H84: 78 | I84: {=_xlfn.XLOOKUP(Table1[[#This Row],[Malli]],'Puhelin tuotehinta'!$B$2:$B$49,_xlfn.XLOOKUP(Table1[[#This Row],[Tuote]],'Puhelin tuotehinta'!$C$1:$E$1,'Puhelin tuotehinta'!$C$2:$E$49))} -> 18 | J84: =_xlfn.XLOOKUP(Table1[[#This Row],[Malli]],Table3[Model],Table3[Average Price (EUR)]) -> 129 | K84: 24 | L84: 2 | M84: FALSE
A85: =ROW(A85) - 1 -> 84 | B85: itapsa | C85: Samsung | D85: Galaxy A15 5G | E85: =Table1[[#This Row],[Merkki]] & " " & Table1[[#This Row],[Malli]] -> Samsung Galaxy A15 5G | F85: =Table1[[#This Row],[Liike]] & " " & Table1[[#This Row],[Merkki ja malli]] -> itapsa Samsung Galaxy A15 5G | G85: Latausportti | H85: 69 | I85: {=_xlfn.XLOOKUP(Table1[[#This Row],[Malli]],'Puhelin tuotehinta'!$B$2:$B$49,_xlfn.XLOOKUP(Table1[[#This Row],[Tuote]],'Puhelin tuotehinta'!$C$1:$E$1,'Puhelin tuotehinta'!$C$2:$E$49))} -> 11 | J85: =_xlfn.XLOOKUP(Table1[[#This Row],[Malli]],Table3[Model],Table3[Average Price (EUR)]) -> 129 | K85: 24 | L85: 2 | M85: FALSE
A86: =ROW(A86) - 1 -> 85 | B86: itapsa | C86: Samsung | D86: Galaxy A25 5G | E86: =Table1[[#This Row],[Merkki]] & " " & Table1[[#This Row],[Malli]] -> Samsung Galaxy A25 5G | F86: =Table1[[#This Row],[Liike]] & " " & Table1[[#This Row],[Merkki ja malli]] -> itapsa Samsung Galaxy A25 5G | G86: Näyttö | H86: 138 | I86: {=_xlfn.XLOOKUP(Table1[[#This Row],[Malli]],'Puhelin tuotehinta'!$B$2:$B$49,_xlfn.XLOOKUP(Table1[[#This Row],[Tuote]],'Puhelin tuotehinta'!$C$1:$E$1,'Puhelin tuotehinta'!$C$2:$E$49))} -> 49 | J86: =_xlfn.XLOOKUP(Table1[[#This Row],[Malli]],Table3[Model],Table3[Average Price (EUR)]) -> 169 | K86: 24 | L86: 2 | M86: FALSE
A87: =ROW(A87) - 1 -> 86 | B87: itapsa | C87: Samsung | D87: Galaxy A25 5G | E87: =Table1[[#This Row],[Merkki]] & " " & Table1[[#This Row],[Malli]] -> Samsung Galaxy A25 5G | F87: =Table1[[#This Row],[Liike]] & " " & Table1[[#This Row],[Merkki ja malli]] -> itapsa Samsung Galaxy A25 5G | G87: Akku | H87: 48 | I87: {=_xlfn.XLOOKUP(Table1[[#This Row],[Malli]],'Puhelin tuotehinta'!$B$2:$B$49,_xlfn.XLOOKUP(Table1[[#This Row],[Tuote]],'Puhelin tuotehinta'!$C$1:$E$1,'Puhelin tuotehinta'!$C$2:$E$49))} -> 10 | J87: =_xlfn.XLOOKUP(Table1[[#This Row],[Malli]],Table3[Model],Table3[Average Price (EUR)]) -> 169 | K87: 24 | L87: 2 | M87: FALSE
A88: =ROW(A88) - 1 -> 87 | B88: itapsa | C88: Samsung | D88: Galaxy A25 5G | E88: =Table1[[#This Row],[Merkki]] & " " & Table1[[#This Row],[Malli]] -> Samsung Galaxy A25 5G | F88: =Table1[[#This Row],[Liike]] & " " & Table1[[#This Row],[Merkki ja malli]] -> itapsa Samsung Galaxy A25 5G | G88: Latausportti | I88: {=_xlfn.XLOOKUP(Table1[[#This Row],[Malli]],'Puhelin tuotehinta'!$B$2:$B$49,_xlfn.XLOOKUP(Table1[[#This Row],[Tuote]],'Puhelin tuotehinta'!$C$1:$E$1,'Puhelin tuotehinta'!$C$2:$E$49))} -> 18 | J88: =_xlfn.XLOOKUP(Table1[[#This Row],[Malli]],Table3[Model],Table3[Average Price (EUR)]) -> 169 | K88: 24 | L88: 2 | M88: FALSE
A89: =ROW(A89) - 1 -> 88 | B89: itapsa | C89: Samsung | D89: Galaxy A55 5G | E89: =Table1[[#This Row],[Merkki]] & " " & Table1[[#This Row],[Malli]] -> Samsung Galaxy A55 5G | F89: =Table1[[#This Row],[Liike]] & " " & Table1[[#This Row],[Merkki ja malli]] -> itapsa Samsung Galaxy A55 5G | G89: Näyttö | H89: 159 | I89: {=_xlfn.XLOOKUP(Table1[[#This Row],[Malli]],'Puhelin tuotehinta'!$B$2:$B$49,_xlfn.XLOOKUP(Table1[[#This Row],[Tuote]],'Puhelin tuotehinta'!$C$1:$E$1,'Puhelin tuotehinta'!$C$2:$E$49))} -> 66 | J89: =_xlfn.XLOOKUP(Table1[[#This Row],[Malli]],Table3[Model],Table3[Average Price (EUR)]) -> 299 | K89: 24 | L89: 2 | M89: FALSE
A90: =ROW(A90) - 1 -> 89 | B90: itapsa | C90: Samsung | D90: Galaxy A55 5G | E90: =Table1[[#This Row],[Merkki]] & " " & Table1[[#This Row],[Malli]] -> Samsung Galaxy A55 5G | F90: =Table1[[#This Row],[Liike]] & " " & Table1[[#This Row],[Merkki ja malli]] -> itapsa Samsung Galaxy A55 5G | G90: Akku | H90: 48 | I90: {=_xlfn.XLOOKUP(Table1[[#This Row],[Malli]],'Puhelin tuotehinta'!$B$2:$B$49,_xlfn.XLOOKUP(Table1[[#This Row],[Tuote]],'Puhelin tuotehinta'!$C$1:$E$1,'Puhelin tuotehinta'!$C$2:$E$49))} -> 25 | J90: =_xlfn.XLOOKUP(Table1[[#This Row],[Malli]],Table3[Model],Table3[Average Price (EUR)]) -> 299 | K90: 24 | L90: 2 | M90: FALSE
A91: =ROW(A91) - 1 -> 90 | B91: itapsa | C91: Samsung | D91: Galaxy A55 5G | E91: =Table1[[#This Row],[Merkki]] & " " & Table1[[#This Row],[Malli]] -> Samsung Galaxy A55 5G | F91: =Table1[[#This Row],[Liike]] & " " & Table1[[#This Row],[Merkki ja malli]] -> itapsa Samsung Galaxy A55 5G | G91: Latausportti | I91: {=_xlfn.XLOOKUP(Table1[[#This Row],[Malli]],'Puhelin tuotehinta'!$B$2:$B$49,_xlfn.XLOOKUP(Table1[[#This Row],[Tuote]],'Puhelin tuotehinta'!$C$1:$E$1,'Puhelin tuotehinta'!$C$2:$E$49))} -> 28 | J91: =_xlfn.XLOOKUP(Table1[[#This Row],[Malli]],Table3[Model],Table3[Average Price (EUR)]) -> 299 | K91: 24 | L91: 2 | M91: FALSE
A92: =ROW(A92) - 1 -> 91 | B92: Lahden ATK klinikka | C92: Apple | D92: iPhone 13 5G | E92: =Table1[[#This Row],[Merkki]] & " " & Table1[[#This Row],[Malli]] -> Apple iPhone 13 5G | F92: =Table1[[#This Row],[Liike]] & " " & Table1[[#This Row],[Merkki ja malli]] -> Lahden ATK klinikka Apple iPhone 13 5G | G92: Näyttö | H92: 139 | I92: {=_xlfn.XLOOKUP(Table1[[#This Row],[Malli]],'Puhelin tuotehinta'!$B$2:$B$49,_xlfn.XLOOKUP(Table1[[#This Row],[Tuote]],'Puhelin tuotehinta'!$C$1:$E$1,'Puhelin tuotehinta'!$C$2:$E$49))} -> 181 | J92: =_xlfn.XLOOKUP(Table1[[#This Row],[Malli]],Table3[Model],Table3[Average Price (EUR)]) -> 479 | K92: 24 | M92: FALSE
A93: =ROW(A93) - 1 -> 92 | B93: Lahden ATK klinikka | C93: Apple | D93: iPhone 13 5G | E93: =Table1[[#This Row],[Merkki]] & " " & Table1[[#This Row],[Malli]] -> Apple iPhone 13 5G | F93: =Table1[[#This Row],[Liike]] & " " & Table1[[#This Row],[Merkki ja malli]] -> Lahden ATK klinikka Apple iPhone 13 5G | G93: Akku | I93: {=_xlfn.XLOOKUP(Table1[[#This Row],[Malli]],'Puhelin tuotehinta'!$B$2:$B$49,_xlfn.XLOOKUP(Table1[[#This Row],[Tuote]],'Puhelin tuotehinta'!$C$1:$E$1,'Puhelin tuotehinta'!$C$2:$E$49))} -> 27 | J93: =_xlfn.XLOOKUP(Table1[[#This Row],[Malli]],Table3[Model],Table3[Average Price (EUR)]) -> 479 | K93: 6 | M93: FALSE
A94: =ROW(A94) - 1 -> 93 | B94: Lahden ATK klinikka | C94: Apple | D94: iPhone 13 5G | E94: =Table1[[#This Row],[Merkki]] & " " & Table1[[#This Row],[Malli]] -> Apple iPhone 13 5G | F94: =Table1[[#This Row],[Liike]] & " " & Table1[[#This Row],[Merkki ja malli]] -> Lahden ATK klinikka Apple iPhone 13 5G | G94: Latausportti | I94: {=_xlfn.XLOOKUP(Table1[[#This Row],[Malli]],'Puhelin tuotehinta'!$B$2:$B$49,_xlfn.XLOOKUP(Table1[[#This Row],[Tuote]],'Puhelin tuotehinta'!$C$1:$E$1,'Puhelin tuotehinta'!$C$2:$E$49))} -> 21 | J94: =_xlfn.XLOOKUP(Table1[[#This Row],[Malli]],Table3[Model],Table3[Average Price (EUR)]) -> 479 | K94: 24 | M94: FALSE
A95: =ROW(A95) - 1 -> 94 | B95: Lahden ATK klinikka | C95: Apple | D95: iPhone 15 Pro 5G | E95: =Table1[[#This Row],[Merkki]] & " " & Table1[[#This Row],[Malli]] -> Apple iPhone 15 Pro 5G | F95: =Table1[[#This Row],[Liike]] & " " & Table1[[#This Row],[Merkki ja malli]] -> Lahden ATK klinikka Apple iPhone 15 Pro 5G | G95: Latausportti | I95: {=_xlfn.XLOOKUP(Table1[[#This Row],[Malli]],'Puhelin tuotehinta'!$B$2:$B$49,_xlfn.XLOOKUP(Table1[[#This Row],[Tuote]],'Puhelin tuotehinta'!$C$1:$E$1,'Puhelin tuotehinta'!$C$2:$E$49))} -> 38 | J95: =_xlfn.XLOOKUP(Table1[[#This Row],[Malli]],Table3[Model],Table3[Average Price (EUR)]) -> 1179 | K95: 24 | M95: FALSE
A96: =ROW(A96) - 1 -> 95 | B96: Lahden ATK klinikka | C96: Apple | D96: iPhone 15 Pro 5G | E96: =Table1[[#This Row],[Merkki]] & " " & Table1[[#This Row],[Malli]] -> Apple iPhone 15 Pro 5G | F96: =Table1[[#This Row],[Liike]] & " " & Table1[[#This Row],[Merkki ja malli]] -> Lahden ATK klinikka Apple iPhone 15 Pro 5G | G96: Näyttö | H96: 169 | I96: {=_xlfn.XLOOKUP(Table1[[#This Row],[Malli]],'Puhelin tuotehinta'!$B$2:$B$49,_xlfn.XLOOKUP(Table1[[#This Row],[Tuote]],'Puhelin tuotehinta'!$C$1:$E$1,'Puhelin tuotehinta'!$C$2:$E$49))} -> 330 | J96: =_xlfn.XLOOKUP(Table1[[#This Row],[Malli]],Table3[Model],Table3[Average Price (EUR)]) -> 1179 | K96: 24 | M96: FALSE
A97: =ROW(A97) - 1 -> 96 | B97: Lahden ATK klinikka | C97: Apple | D97: iPhone 15 Pro 5G | E97: =Table1[[#This Row],[Merkki]] & " " & Table1[[#This Row],[Malli]] -> Apple iPhone 15 Pro 5G | F97: =Table1[[#This Row],[Liike]] & " " & Table1[[#This Row],[Merkki ja malli]] -> Lahden ATK klinikka Apple iPhone 15 Pro 5G | G97: Akku | I97: {=_xlfn.XLOOKUP(Table1[[#This Row],[Malli]],'Puhelin tuotehinta'!$B$2:$B$49,_xlfn.XLOOKUP(Table1[[#This Row],[Tuote]],'Puhelin tuotehinta'!$C$1:$E$1,'Puhelin tuotehinta'!$C$2:$E$49))} -> 27 | J97: =_xlfn.XLOOKUP(Table1[[#This Row],[Malli]],Table3[Model],Table3[Average Price (EUR)]) -> 1179 | K97: 6 | M97: FALSE
A98: =ROW(A98) - 1 -> 97 | B98: Lahden ATK klinikka | C98: Honor | D98: X6a | E98: =Table1[[#This Row],[Merkki]] & " " & Table1[[#This Row],[Malli]] -> Honor X6a | F98: =Table1[[#This Row],[Liike]] & " " & Table1[[#This Row],[Merkki ja malli]] -> Lahden ATK klinikka Honor X6a | G98: Näyttö | I98: {=_xlfn.XLOOKUP(Table1[[#This Row],[Malli]],'Puhelin tuotehinta'!$B$2:$B$49,_xlfn.XLOOKUP(Table1[[#This Row],[Tuote]],'Puhelin tuotehinta'!$C$1:$E$1,'Puhelin tuotehinta'!$C$2:$E$49))} -> 40 | J98: =_xlfn.XLOOKUP(Table1[[#This Row],[Malli]],Table3[Model],Table3[Average Price (EUR)]) -> 117 | K98: 24 | M98: FALSE
A99: =ROW(A99) - 1 -> 98 | B99: Lahden ATK klinikka | C99: Honor | D99: X6a | E99: =Table1[[#This Row],[Merkki]] & " " & Table1[[#This Row],[Malli]] -> Honor X6a | F99: =Table1[[#This Row],[Liike]] & " " & Table1[[#This Row],[Merkki ja malli]] -> Lahden ATK klinikka Honor X6a | G99: Akku | I99: {=_xlfn.XLOOKUP(Table1[[#This Row],[Malli]],'Puhelin tuotehinta'!$B$2:$B$49,_xlfn.XLOOKUP(Table1[[#This Row],[Tuote]],'Puhelin tuotehinta'!$C$1:$E$1,'Puhelin tuotehinta'!$C$2:$E$49))} -> 19 | J99: =_xlfn.XLOOKUP(Table1[[#This Row],[Malli]],Table3[Model],Table3[Average Price (EUR)]) -> 117 | K99: 24 | M99: FALSE
A100: =ROW(A100) - 1 -> 99 | B100: Lahden ATK klinikka | C100: Honor | D100: X6a | E100: =Table1[[#This Row],[Merkki]] & " " & Table1[[#This Row],[Malli]] -> Honor X6a | F100: =Table1[[#This Row],[Liike]] & " " & Table1[[#This Row],[Merkki ja malli]] -> Lahden ATK klinikka Honor X6a | G100: Latausportti | I100: {=_xlfn.XLOOKUP(Table1[[#This Row],[Malli]],'Puhelin tuotehinta'!$B$2:$B$49,_xlfn.XLOOKUP(Table1[[#This Row],[Tuote]],'Puhelin tuotehinta'!$C$1:$E$1,'Puhelin tuotehinta'!$C$2:$E$49))} -> 23 | J100: =_xlfn.XLOOKUP(Table1[[#This Row],[Malli]],Table3[Model],Table3[Average Price (EUR)]) -> 117 | K100: 24 | M100: FALSE
...

Sheet DataÄlykelloista
A1: ID | B1: Liike | C1: Merkki | D1: Malli | E1: Merkki ja malli | F1: Liike sekä merkki ja malli | G1: Tuote | H1: Korjauksenhinta € | I1: Tuotehinta € | J1: Älykellonhinta € | K1: Vakuutuksen kesto kk | L1: Korjauksen kesto tunneissa | M1: Alkuperäinen osa true/false
A2: =ROW(A2) - 1 -> 1 | B2: Fonum | C2: Apple | D2: Watch SE GPS | E2: =Table4[[#This Row],[Merkki]] & " " & Table4[[#This Row],[Malli]] -> Apple Watch SE GPS | F2: =Table4[[#This Row],[Liike]] & " " & Table4[[#This Row],[Merkki ja malli]] -> Fonum Apple Watch SE GPS | G2: Näyttö | I2: {=_xlfn.XLOOKUP(Table4[[#This Row],[Malli]],'Älykello tuotehinta'!$A$2:$A$6,_xlfn.XLOOKUP(Table4[[#This Row],[Tuote]],'Älykello tuotehinta'!$B$1:$D$1,'Älykello tuotehinta'!$B$2:$D$6))} -> 100 | J2: =_xlfn.XLOOKUP(Table4[[#This Row],[Malli]],'Älykellon Hinta'!$B$2:$B$6,'Älykellon Hinta'!$C$2:$C$6) -> 275
A3: =ROW(A3) - 1 -> 2 | B3: Fonum | C3: Apple | D3: Watch SE GPS | E3: =Table4[[#This Row],[Merkki]] & " " & Table4[[#This Row],[Malli]] -> Apple Watch SE GPS | F3: =Table4[[#This Row],[Liike]] & " " & Table4[[#This Row],[Merkki ja malli]] -> Fonum Apple Watch SE GPS | G3: Akku | I3: {=_xlfn.XLOOKUP(Table4[[#This Row],[Malli]],'Älykello tuotehinta'!$A$2:$A$6,_xlfn.XLOOKUP(Table4[[#This Row],[Tuote]],'Älykello tuotehinta'!$B$1:$D$1,'Älykello tuotehinta'!$B$2:$D$6))} -> 73 | J3: =_xlfn.XLOOKUP(Table4[[#This Row],[Malli]],'Älykellon Hinta'!$B$2:$B$6,'Älykellon Hinta'!$C$2:$C$6) -> 275
A4: =ROW(A4) - 1 -> 3 | B4: Fonum | C4: Apple | D4: Watch SE GPS | E4: =Table4[[#This Row],[Merkki]] & " " & Table4[[#This Row],[Malli]] -> Apple Watch SE GPS | F4: =Table4[[#This Row],[Liike]] & " " & Table4[[#This Row],[Merkki ja malli]] -> Fonum Apple Watch SE GPS | G4: Takalasi | I4: {=_xlfn.XLOOKUP(Table4[[#This Row],[Malli]],'Älykello tuotehinta'!$A$2:$A$6,_xlfn.XLOOKUP(Table4[[#This Row],[Tuote]],'Älykello tuotehinta'!$B$1:$D$1,'Älykello tuotehinta'!$B$2:$D$6))} -> 25 | J4: =_xlfn.XLOOKUP(Table4[[#This Row],[Malli]],'Älykellon Hinta'!$B$2:$B$6,'Älykellon Hinta'!$C$2:$C$6) -> 275
A5: =ROW(A5) - 1 -> 4 | B5: Fonum | C5: Apple | D5: Watch Series 9 GPS + Cellular | E5: =Table4[[#This Row],[Merkki]] & " " & Table4[[#This Row],[Malli]] -> Apple Watch Series 9 GPS + Cellular | F5: =Table4[[#This Row],[Liike]] & " " & Table4[[#This Row],[Merkki ja malli]] -> Fonum Apple Watch Series 9 GPS + Cellular | G5: Näyttö | I5: {=_xlfn.XLOOKUP(Table4[[#This Row],[Malli]],'Älykello tuotehinta'!$A$2:$A$6,_xlfn.XLOOKUP(Table4[[#This Row],[Tuote]],'Älykello tuotehinta'!$B$1:$D$1,'Älykello tuotehinta'!$B$2:$D$6))} -> 230 | J5: =_xlfn.XLOOKUP(Table4[[#This Row],[Malli]],'Älykellon Hinta'!$B$2:$B$6,'Älykellon Hinta'!$C$2:$C$6) -> 575
A6: =ROW(A6) - 1 -> 5 | B6: Fonum | C6: Apple | D6: Watch Series 9 GPS + Cellular | E6: =Table4[[#This Row],[Merkki]] & " " & Table4[[#This Row],[Malli]] -> Apple Watch Series 9 GPS + Cellular | F6: =Table4[[#This Row],[Liike]] & " " & Table4[[#This Row],[Merkki ja malli]] -> Fonum Apple Watch Series 9 GPS + Cellular | G6: Akku | I6: {=_xlfn.XLOOKUP(Table4[[#This Row],[Malli]],'Älykello tuotehinta'!$A$2:$A$6,_xlfn.XLOOKUP(Table4[[#This Row],[Tuote]],'Älykello tuotehinta'!$B$1:$D$1,'Älykello tuotehinta'!$B$2:$D$6))} -> 85 | J6: =_xlfn.XLOOKUP(Table4[[#This Row],[Malli]],'Älykellon Hinta'!$B$2:$B$6,'Älykellon Hinta'!$C$2:$C$6) -> 575
A7: =ROW(A7) - 1 -> 6 | B7: Fonum | C7: Apple | D7: Watch Series 9 GPS + Cellular | E7: =Table4[[#This Row],[Merkki]] & " " & Table4[[#This Row],[Malli]] -> Apple Watch Series 9 GPS + Cellular | F7: =Table4[[#This Row],[Liike]] & " " & Table4[[#This Row],[Merkki ja malli]] -> Fonum Apple Watch Series 9 GPS + Cellular | G7: Takalasi | I7: {=_xlfn.XLOOKUP(Table4[[#This Row],[Malli]],'Älykello tuotehinta'!$A$2:$A$6,_xlfn.XLOOKUP(Table4[[#This Row],[Tuote]],'Älykello tuotehinta'!$B$1:$D$1,'Älykello tuotehinta'!$B$2:$D$6))} -> 65 | J7: =_xlfn.XLOOKUP(Table4[[#This Row],[Malli]],'Älykellon Hinta'!$B$2:$B$6,'Älykellon Hinta'!$C$2:$C$6) -> 575
A8: =ROW(A8) - 1 -> 7 | B8: Fonum | C8: Huawei | D8: Watch Fit 3 | E8: =Table4[[#This Row],[Merkki]] & " " & Table4[[#This Row],[Malli]] -> Huawei Watch Fit 3 | F8: =Table4[[#This Row],[Liike]] & " " & Table4[[#This Row],[Merkki ja malli]] -> Fonum Huawei Watch Fit 3 | G8: Näyttö | I8: {=_xlfn.XLOOKUP(Table4[[#This Row],[Malli]],'Älykello tuotehinta'!$A$2:$A$6,_xlfn.XLOOKUP(Table4[[#This Row],[Tuote]],'Älykello tuotehinta'!$B$1:$D$1,'Älykello tuotehinta'!$B$2:$D$6))} -> 52 | J8: =_xlfn.XLOOKUP(Table4[[#This Row],[Malli]],'Älykellon Hinta'!$B$2:$B$6,'Älykellon Hinta'!$C$2:$C$6) -> 137
A9: =ROW(A9) - 1 -> 8 | B9: Fonum | C9: Huawei | D9: Watch Fit 3 | E9: =Table4[[#This Row],[Merkki]] & " " & Table4[[#This Row],[Malli]] -> Huawei Watch Fit 3 | F9: =Table4[[#This Row],[Liike]] & " " & Table4[[#This Row],[Merkki ja malli]] -> Fonum Huawei Watch Fit 3 | G9: Akku | I9: {=_xlfn.XLOOKUP(Table4[[#This Row],[Malli]],'Älykello tuotehinta'!$A$2:$A$6,_xlfn.XLOOKUP(Table4[[#This Row],[Tuote]],'Älykello tuotehinta'!$B$1:$D$1,'Älykello tuotehinta'!$B$2:$D$6))} -> 8 | J9: =_xlfn.XLOOKUP(Table4[[#This Row],[Malli]],'Älykellon Hinta'!$B$2:$B$6,'Älykellon Hinta'!$C$2:$C$6) -> 137
A10: =ROW(A10) - 1 -> 9 | B10: Fonum | C10: Huawei | D10: Watch Fit 3 | E10: =Table4[[#This Row],[Merkki]] & " " & Table4[[#This Row],[Malli]] -> Huawei Watch Fit 3 | F10: =Table4[[#This Row],[Liike]] & " " & Table4[[#This Row],[Merkki ja malli]] -> Fonum Huawei Watch Fit 3 | G10: Takalasi | I10: {=_xlfn.XLOOKUP(Table4[[#This Row],[Malli]],'Älykello tuotehinta'!$A$2:$A$6,_xlfn.XLOOKUP(Table4[[#This Row],[Tuote]],'Älykello tuotehinta'!$B$1:$D$1,'Älykello tuotehinta'!$B$2:$D$6))} -> 34 | J10: =_xlfn.XLOOKUP(Table4[[#This Row],[Malli]],'Älykellon Hinta'!$B$2:$B$6,'Älykellon Hinta'!$C$2:$C$6) -> 137
A11: =ROW(A11) - 1 -> 10 | B11: Fonum | C11: OnePlus | D11: Watch 2 | E11: =Table4[[#This Row],[Merkki]] & " " & Table4[[#This Row],[Malli]] -> OnePlus Watch 2 | F11: =Table4[[#This Row],[Liike]] & " " & Table4[[#This Row],[Merkki ja malli]] -> Fonum OnePlus Watch 2 | G11: Näyttö | I11: {=_xlfn.XLOOKUP(Table4[[#This Row],[Malli]],'Älykello tuotehinta'!$A$2:$A$6,_xlfn.XLOOKUP(Table4[[#This Row],[Tuote]],'Älykello tuotehinta'!$B$1:$D$1,'Älykello tuotehinta'!$B$2:$D$6))} -> 64 | J11: =_xlfn.XLOOKUP(Table4[[#This Row],[Malli]],'Älykellon Hinta'!$B$2:$B$6,'Älykellon Hinta'!$C$2:$C$6) -> 254
A12: =ROW(A12) - 1 -> 11 | B12: Fonum | C12: OnePlus | D12: Watch 2 | E12: =Table4[[#This Row],[Merkki]] & " " & Table4[[#This Row],[Malli]] -> OnePlus Watch 2 | F12: =Table4[[#This Row],[Liike]] & " " & Table4[[#This Row],[Merkki ja malli]] -> Fonum OnePlus Watch 2 | G12: Akku | I12: {=_xlfn.XLOOKUP(Table4[[#This Row],[Malli]],'Älykello tuotehinta'!$A$2:$A$6,_xlfn.XLOOKUP(Table4[[#This Row],[Tuote]],'Älykello tuotehinta'!$B$1:$D$1,'Älykello tuotehinta'!$B$2:$D$6))} -> 18 | J12: =_xlfn.XLOOKUP(Table4[[#This Row],[Malli]],'Älykellon Hinta'!$B$2:$B$6,'Älykellon Hinta'!$C$2:$C$6) -> 254
A13: =ROW(A13) - 1 -> 12 | B13: Fonum | C13: OnePlus | D13: Watch 2 | E13: =Table4[[#This Row],[Merkki]] & " " & Table4[[#This Row],[Malli]] -> OnePlus Watch 2 | F13: =Table4[[#This Row],[Liike]] & " " & Table4[[#This Row],[Merkki ja malli]] -> Fonum OnePlus Watch 2 | G13: Takalasi | I13: {=_xlfn.XLOOKUP(Table4[[#This Row],[Malli]],'Älykello tuotehinta'!$A$2:$A$6,_xlfn.XLOOKUP(Table4[[#This Row],[Tuote]],'Älykello tuotehinta'!$B$1:$D$1,'Älykello tuotehinta'!$B$2:$D$6))} -> 13 | J13: =_xlfn.XLOOKUP(Table4[[#This Row],[Malli]],'Älykellon Hinta'!$B$2:$B$6,'Älykellon Hinta'!$C$2:$C$6) -> 254
... A16: =ROW(A16) - 1 -> 15 | B16: Fonum | C16: Xplora | D16: Watch XGO3 4G – lasten kellopuhelin | E16: =Table4[[#This Row],[Merkki]] & " " & Table4[[#This Row],[Malli]] -> Xplora Watch XGO3 4G – lasten kellopuhelin | F16: =Table4[[#This Row],[Liike]] & " " & Table4[[#This Row],[Merkki ja malli]] -> Fonum Xplora Watch XGO3 4G – lasten kellopuhelin | G16: Takalasi | I16: {=_xlfn.XLOOKUP(Table4[[#This Row],[Malli]],'Älykello tuotehinta'!$A$2:$A$6,_xlfn.XLOOKUP(Table4[[#This Row],[Tuote]],'Älykello tuotehinta'!$B$1:$D$1,'Älykello tuotehinta'!$B$2:$D$6))} -> 11 | J16: =_xlfn.XLOOKUP(Table4[[#This Row],[Malli]],'Älykellon Hinta'!$B$2:$B$6,'Älykellon Hinta'!$C$2:$C$6) -> 134
A17: =ROW(A17) - 1 -> 16 | B17: Handleit | C17: Apple | D17: Watch SE GPS | E17: =Table4[[#This Row],[Merkki]] & " " & Table4[[#This Row],[Malli]] -> Apple Watch SE GPS | F17: =Table4[[#This Row],[Liike]] & " " & Table4[[#This Row],[Merkki ja malli]] -> Handleit Apple Watch SE GPS | G17: Näyttö | H17: 189 | I17: {=_xlfn.XLOOKUP(Table4[[#This Row],[Malli]],'Älykello tuotehinta'!$A$2:$A$6,_xlfn.XLOOKUP(Table4[[#This Row],[Tuote]],'Älykello tuotehinta'!$B$1:$D$1,'Älykello tuotehinta'!$B$2:$D$6))} -> 100 | J17: =_xlfn.XLOOKUP(Table4[[#This Row],[Malli]],'Älykellon Hinta'!$B$2:$B$6,'Älykellon Hinta'!$C$2:$C$6) -> 275 | K17: 24 | M17: FALSE
A18: =ROW(A18) - 1 -> 17 | B18: Handleit | C18: Apple | D18: Watch SE GPS | E18: =Table4[[#This Row],[Merkki]] & " " & Table4[[#This Row],[Malli]] -> Apple Watch SE GPS | F18: =Table4[[#This Row],[Liike]] & " " & Table4[[#This Row],[Merkki ja malli]] -> Handleit Apple Watch SE GPS | G18: Akku | H18: 99 | I18: {=_xlfn.XLOOKUP(Table4[[#This Row],[Malli]],'Älykello tuotehinta'!$A$2:$A$6,_xlfn.XLOOKUP(Table4[[#This Row],[Tuote]],'Älykello tuotehinta'!$B$1:$D$1,'Älykello tuotehinta'!$B$2:$D$6))} -> 73 | J18: =_xlfn.XLOOKUP(Table4[[#This Row],[Malli]],'Älykellon Hinta'!$B$2:$B$6,'Älykellon Hinta'!$C$2:$C$6) -> 275 | K18: 6 | M18: FALSE
A19: =ROW(A19) - 1 -> 18 | B19: Handleit | C19: Apple | D19: Watch SE GPS | E19: =Table4[[#This Row],[Merkki]] & " " & Table4[[#This Row],[Malli]] -> Apple Watch SE GPS | F19: =Table4[[#This Row],[Liike]] & " " & Table4[[#This Row],[Merkki ja malli]] -> Handleit Apple Watch SE GPS | G19: Takalasi | H19: 199 | I19: {=_xlfn.XLOOKUP(Table4[[#This Row],[Malli]],'Älykello tuotehinta'!$A$2:$A$6,_xlfn.XLOOKUP(Table4[[#This Row],[Tuote]],'Älykello tuotehinta'!$B$1:$D$1,'Älykello tuotehinta'!$B$2:$D$6))} -> 25 | J19: =_xlfn.XLOOKUP(Table4[[#This Row],[Malli]],'Älykellon Hinta'!$B$2:$B$6,'Älykellon Hinta'!$C$2:$C$6) -> 275 | K19: 24 | M19: FALSE
A20: =ROW(A20) - 1 -> 19 | B20: Handleit | C20: Apple | D20: Watch Series 9 GPS + Cellular | E20: =Table4[[#This Row],[Merkki]] & " " & Table4[[#This Row],[Malli]] -> Apple Watch Series 9 GPS + Cellular | F20: =Table4[[#This Row],[Liike]] & " " & Table4[[#This Row],[Merkki ja malli]] -> Handleit Apple Watch Series 9 GPS + Cellular | G20: Näyttö | H20: 299 | I20: {=_xlfn.XLOOKUP(Table4[[#This Row],[Malli]],'Älykello tuotehinta'!$A$2:$A$6,_xlfn.XLOOKUP(Table4[[#This Row],[Tuote]],'Älykello tuotehinta'!$B$1:$D$1,'Älykello tuotehinta'!$B$2:$D$6))} -> 230 | J20: =_xlfn.XLOOKUP(Table4[[#This Row],[Malli]],'Älykellon Hinta'!$B$2:$B$6,'Älykellon Hinta'!$C$2:$C$6) -> 575 | K20: 24 | M20: FALSE
A21: =ROW(A21) - 1 -> 20 | B21: Handleit | C21: Apple | D21: Watch Series 9 GPS + Cellular | E21: =Table4[[#This Row],[Merkki]] & " " & Table4[[#This Row],[Malli]] -> Apple Watch Series 9 GPS + Cellular | F21: =Table4[[#This Row],[Liike]] & " " & Table4[[#This Row],[Merkki ja malli]] -> Handleit Apple Watch Series 9 GPS + Cellular | G21: Akku | H21: 99 | I21: {=_xlfn.XLOOKUP(Table4[[#This Row],[Malli]],'Älykello tuotehinta'!$A$2:$A$6,_xlfn.XLOOKUP(Table4[[#This Row],[Tuote]],'Älykello tuotehinta'!$B$1:$D$1,'Älykello tuotehinta'!$B$2:$D$6))} -> 85 | J21: =_xlfn.XLOOKUP(Table4[[#This Row],[Malli]],'Älykellon Hinta'!$B$2:$B$6,'Älykellon Hinta'!$C$2:$C$6) -> 575 | K21: 6 | M21: FALSE
A22: =ROW(A22) - 1 -> 21 | B22: Handleit | C22: Apple | D22: Watch Series 9 GPS + Cellular | E22: =Table4[[#This Row],[Merkki]] & " " & Table4[[#This Row],[Malli]] -> Apple Watch Series 9 GPS + Cellular | F22: =Table4[[#This Row],[Liike]] & " " & Table4[[#This Row],[Merkki ja malli]] -> Handleit Apple Watch Series 9 GPS + Cellular | G22: Takalasi | H22: 189 | I22: {=_xlfn.XLOOKUP(Table4[[#This Row],[Malli]],'Älykello tuotehinta'!$A$2:$A$6,_xlfn.XLOOKUP(Table4[[#This Row],[Tuote]],'Älykello tuotehinta'!$B$1:$D$1,'Älykello tuotehinta'!$B$2:$D$6))} -> 65 | J22: =_xlfn.XLOOKUP(Table4[[#This Row],[Malli]],'Älykellon Hinta'!$B$2:$B$6,'Älykellon Hinta'!$C$2:$C$6) -> 575 | K22: 24 | M22: FALSE
A23: =ROW(A23) - 1 -> 22 | B23: Handleit | C23: Huawei | D23: Watch Fit 3 | E23: =Table4[[#This Row],[Merkki]] & " " & Table4[[#This Row],[Malli]] -> Huawei Watch Fit 3 | F23: =Table4[[#This Row],[Liike]] & " " & Table4[[#This Row],[Merkki ja malli]] -> Handleit Huawei Watch Fit 3 | G23: Näyttö | I23: {=_xlfn.XLOOKUP(Table4[[#This Row],[Malli]],'Älykello tuotehinta'!$A$2:$A$6,_xlfn.XLOOKUP(Table4[[#This Row],[Tuote]],'Älykello tuotehinta'!$B$1:$D$1,'Älykello tuotehinta'!$B$2:$D$6))} -> 52 | J23: =_xlfn.XLOOKUP(Table4[[#This Row],[Malli]],'Älykellon Hinta'!$B$2:$B$6,'Älykellon Hinta'!$C$2:$C$6) -> 137
A24: =ROW(A24) - 1 -> 23 | B24: Handleit | C24: Huawei | D24: Watch Fit 3 | E24: =Table4[[#This Row],[Merkki]] & " " & Table4[[#This Row],[Malli]] -> Huawei Watch Fit 3 | F24: =Table4[[#This Row],[Liike]] & " " & Table4[[#This Row],[Merkki ja malli]] -> Handleit Huawei Watch Fit 3 | G24: Akku | I24: {=_xlfn.XLOOKUP(Table4[[#This Row],[Malli]],'Älykello tuotehinta'!$A$2:$A$6,_xlfn.XLOOKUP(Table4[[#This Row],[Tuote]],'Älykello tuotehinta'!$B$1:$D$1,'Älykello tuotehinta'!$B$2:$D$6))} -> 8 | J24: =_xlfn.XLOOKUP(Table4[[#This Row],[Malli]],'Älykellon Hinta'!$B$2:$B$6,'Älykellon Hinta'!$C$2:$C$6) -> 137
A25: =ROW(A25) - 1 -> 24 | B25: Handleit | C25: Huawei | D25: Watch Fit 3 | E25: =Table4[[#This Row],[Merkki]] & " " & Table4[[#This Row],[Malli]] -> Huawei Watch Fit 3 | F25: =Table4[[#This Row],[Liike]] & " " & Table4[[#This Row],[Merkki ja malli]] -> Handleit Huawei Watch Fit 3 | G25: Takalasi | I25: {=_xlfn.XLOOKUP(Table4[[#This Row],[Malli]],'Älykello tuotehinta'!$A$2:$A$6,_xlfn.XLOOKUP(Table4[[#This Row],[Tuote]],'Älykello tuotehinta'!$B$1:$D$1,'Älykello tuotehinta'!$B$2:$D$6))} -> 34 | J25: =_xlfn.XLOOKUP(Table4[[#This Row],[Malli]],'Älykellon Hinta'!$B$2:$B$6,'Älykellon Hinta'!$C$2:$C$6) -> 137
A26: =ROW(A26) - 1 -> 25 | B26: Handleit | C26: OnePlus | D26: Watch 2 | E26: =Table4[[#This Row],[Merkki]] & " " & Table4[[#This Row],[Malli]] -> OnePlus Watch 2 | F26: =Table4[[#This Row],[Liike]] & " " & Table4[[#This Row],[Merkki ja malli]] -> Handleit OnePlus Watch 2 | G26: Näyttö | I26: {=_xlfn.XLOOKUP(Table4[[#This Row],[Malli]],'Älykello tuotehinta'!$A$2:$A$6,_xlfn.XLOOKUP(Table4[[#This Row],[Tuote]],'Älykello tuotehinta'!$B$1:$D$1,'Älykello tuotehinta'!$B$2:$D$6))} -> 64 | J26: =_xlfn.XLOOKUP(Table4[[#This Row],[Malli]],'Älykellon Hinta'!$B$2:$B$6,'Älykellon Hinta'!$C$2:$C$6) -> 254
A27: =ROW(A27) - 1 -> 26 | B27: Handleit | C27: OnePlus | D27: Watch 2 | E27: =Table4[[#This Row],[Merkki]] & " " & Table4[[#This Row],[Malli]] -> OnePlus Watch 2 | F27: =Table4[[#This Row],[Liike]] & " " & Table4[[#This Row],[Merkki ja malli]] -> Handleit OnePlus Watch 2 | G27: Akku | I27: {=_xlfn.XLOOKUP(Table4[[#This Row],[Malli]],'Älykello tuotehinta'!$A$2:$A$6,_xlfn.XLOOKUP(Table4[[#This Row],[Tuote]],'Älykello tuotehinta'!$B$1:$D$1,'Älykello tuotehinta'!$B$2:$D$6))} -> 18 | J27: =_xlfn.XLOOKUP(Table4[[#This Row],[Malli]],'Älykellon Hinta'!$B$2:$B$6,'Älykellon Hinta'!$C$2:$C$6) -> 254
A28: =ROW(A28) - 1 -> 27 | B28: Handleit | C28: OnePlus | D28: Watch 2 | E28: =Table4[[#This Row],[Merkki]] & " " & Table4[[#This Row],[Malli]] -> OnePlus Watch 2 | F28: =Table4[[#This Row],[Liike]] & " " & Table4[[#This Row],[Merkki ja malli]] -> Handleit OnePlus Watch 2 | G28: Takalasi | I28: {=_xlfn.XLOOKUP(Table4[[#This Row],[Malli]],'Älykello tuotehinta'!$A$2:$A$6,_xlfn.XLOOKUP(Table4[[#This Row],[Tuote]],'Älykello tuotehinta'!$B$1:$D$1,'Älykello tuotehinta'!$B$2:$D$6))} -> 13 | J28: =_xlfn.XLOOKUP(Table4[[#This Row],[Malli]],'Älykellon Hinta'!$B$2:$B$6,'Älykellon Hinta'!$C$2:$C$6) -> 254
A29: =ROW(A29) - 1 -> 28 | B29: Handleit | C29: Xplora | D29: Watch XGO3 4G – lasten kellopuhelin | E29: =Table4[[#This Row],[Merkki]] & " " & Table4[[#This Row],[Malli]] -> Xplora Watch XGO3 4G – lasten kellopuhelin | F29: =Table4[[#This Row],[Liike]] & " " & Table4[[#This Row],[Merkki ja malli]] -> Handleit Xplora Watch XGO3 4G – lasten kellopuhelin | G29: Näyttö | I29: {=_xlfn.XLOOKUP(Table4[[#This Row],[Malli]],'Älykello tuotehinta'!$A$2:$A$6,_xlfn.XLOOKUP(Table4[[#This Row],[Tuote]],'Älykello tuotehinta'!$B$1:$D$1,'Älykello tuotehinta'!$B$2:$D$6))} -> 40 | J29: =_xlfn.XLOOKUP(Table4[[#This Row],[Malli]],'Älykellon Hinta'!$B$2:$B$6,'Älykellon Hinta'!$C$2:$C$6) -> 134
A30: =ROW(A30) - 1 -> 29 | B30: Handleit | C30: Xplora | D30: Watch XGO3 4G – lasten kellopuhelin | E30: =Table4[[#This Row],[Merkki]] & " " & Table4[[#This Row],[Malli]] -> Xplora Watch XGO3 4G – lasten kellopuhelin | F30: =Table4[[#This Row],[Liike]] & " " & Table4[[#This Row],[Merkki ja malli]] -> Handleit Xplora Watch XGO3 4G – lasten kellopuhelin | G30: Akku | I30: {=_xlfn.XLOOKUP(Table4[[#This Row],[Malli]],'Älykello tuotehinta'!$A$2:$A$6,_xlfn.XLOOKUP(Table4[[#This Row],[Tuote]],'Älykello tuotehinta'!$B$1:$D$1,'Älykello tuotehinta'!$B$2:$D$6))} -> 24 | J30: =_xlfn.XLOOKUP(Table4[[#This Row],[Malli]],'Älykellon Hinta'!$B$2:$B$6,'Älykellon Hinta'!$C$2:$C$6) -> 134
A31: =ROW(A31) - 1 -> 30 | B31: Handleit | C31: Xplora | D31: Watch XGO3 4G – lasten kellopuhelin | E31: =Table4[[#This Row],[Merkki]] & " " & Table4[[#This Row],[Malli]] -> Xplora Watch XGO3 4G – lasten kellopuhelin | F31: =Table4[[#This Row],[Liike]] & " " & Table4[[#This Row],[Merkki ja malli]] -> Handleit Xplora Watch XGO3 4G – lasten kellopuhelin | G31: Takalasi | I31: {=_xlfn.XLOOKUP(Table4[[#This Row],[Malli]],'Älykello tuotehinta'!$A$2:$A$6,_xlfn.XLOOKUP(Table4[[#This Row],[Tuote]],'Älykello tuotehinta'!$B$1:$D$1,'Älykello tuotehinta'!$B$2:$D$6))} -> 11 | J31: =_xlfn.XLOOKUP(Table4[[#This Row],[Malli]],'Älykellon Hinta'!$B$2:$B$6,'Älykellon Hinta'!$C$2:$C$6) -> 134
A32: =ROW(A32) - 1 -> 31 | B32: itapsa | C32: Apple | D32: Watch SE GPS | E32: =Table4[[#This Row],[Merkki]] & " " & Table4[[#This Row],[Malli]] -> Apple Watch SE GPS | F32: =Table4[[#This Row],[Liike]] & " " & Table4[[#This Row],[Merkki ja malli]] -> itapsa Apple Watch SE GPS | G32: Näyttö | I32: {=_xlfn.XLOOKUP(Table4[[#This Row],[Malli]],'Älykello tuotehinta'!$A$2:$A$6,_xlfn.XLOOKUP(Table4[[#This Row],[Tuote]],'Älykello tuotehinta'!$B$1:$D$1,'Älykello tuotehinta'!$B$2:$D$6))} -> 100 | J32: =_xlfn.XLOOKUP(Table4[[#This Row],[Malli]],'Älykellon Hinta'!$B$2:$B$6,'Älykellon Hinta'!$C$2:$C$6) -> 275
A33: =ROW(A33) - 1 -> 32 | B33: itapsa | C33: Apple | D33: Watch SE GPS | E33: =Table4[[#This Row],[Merkki]] & " " & Table4[[#This Row],[Malli]] -> Apple Watch SE GPS | F33: =Table4[[#This Row],[Liike]] & " " & Table4[[#This Row],[Merkki ja malli]] -> itapsa Apple Watch SE GPS | G33: Akku | I33: {=_xlfn.XLOOKUP(Table4[[#This Row],[Malli]],'Älykello tuotehinta'!$A$2:$A$6,_xlfn.XLOOKUP(Table4[[#This Row],[Tuote]],'Älykello tuotehinta'!$B$1:$D$1,'Älykello tuotehinta'!$B$2:$D$6))} -> 73 | J33: =_xlfn.XLOOKUP(Table4[[#This Row],[Malli]],'Älykellon Hinta'!$B$2:$B$6,'Älykellon Hinta'!$C$2:$C$6) -> 275
A34: =ROW(A34) - 1 -> 33 | B34: itapsa | C34: Apple | D34: Watch SE GPS | E34: =Table4[[#This Row],[Merkki]] & " " & Table4[[#This Row],[Malli]] -> Apple Watch SE GPS | F34: =Table4[[#This Row],[Liike]] & " " & Table4[[#This Row],[Merkki ja malli]] -> itapsa Apple Watch SE GPS | G34: Takalasi | I34: {=_xlfn.XLOOKUP(Table4[[#This Row],[Malli]],'Älykello tuotehinta'!$A$2:$A$6,_xlfn.XLOOKUP(Table4[[#This Row],[Tuote]],'Älykello tuotehinta'!$B$1:$D$1,'Älykello tuotehinta'!$B$2:$D$6))} -> 25 | J34: =_xlfn.XLOOKUP(Table4[[#This Row],[Malli]],'Älykellon Hinta'!$B$2:$B$6,'Älykellon Hinta'!$C$2:$C$6) -> 275
... A76: =ROW(A76) - 1 -> 75 | B76: Puhelinhuolto | C76: Xplora | D76: Watch XGO3 4G – lasten kellopuhelin | E76: =Table4[[#This Row],[Merkki]] & " " & Table4[[#This Row],[Malli]] -> Xplora Watch XGO3 4G – lasten kellopuhelin | F76: =Table4[[#This Row],[Liike]] & " " & Table4[[#This Row],[Merkki ja malli]] -> Puhelinhuolto Xplora Watch XGO3 4G – lasten kellopuhelin | G76: Takalasi | I76: {=_xlfn.XLOOKUP(Table4[[#This Row],[Malli]],'Älykello tuotehinta'!$A$2:$A$6,_xlfn.XLOOKUP(Table4[[#This Row],[Tuote]],'Älykello tuotehinta'!$B$1:$D$1,'Älykello tuotehinta'!$B$2:$D$6))} -> 11 | J76: =_xlfn.XLOOKUP(Table4[[#This Row],[Malli]],'Älykellon Hinta'!$B$2:$B$6,'Älykellon Hinta'!$C$2:$C$6) -> 134
